phone,fax,products_sold,stall_location,trading_name
Phone:9763 1122,Fax:9325 6531,Cucumbers;Tomatoes,Stall Location:    ,AUSSIE ROMA FRESH PTY LTD
Phone:9746 8745,Fax:9746 3265,Apples;Artichoke;Artichoke - Cynara (Jan);Asparagus;Berries;Borlotti Bean;Capsicum;Cherries;Cucumbers;Eggplant;Honeydew;Kiwifruit;Lettuce;Mandarins;Mangoes;Melons;Oranges;Pears;Pomegranate;Proasparagus (All Year);Rockmelon;Stone Fruits;Zucchini,Stall Location: C219-C221  SYDNEY MARKETS NSW,AUSSIE FRESH PRODUCE PTY LTD
Phone:9764 4003,Fax:9325 6835,Asian Produce;Exotic Produce;Tropical Fruit,Stall Location: C269/271  SYDNEY MARKETS NSW,ASEAN PRODUCE PTY LTD
Phone:9746 7204,Fax:9764 3013,Bananas,Stall Location: E19/E20  SYDNEY MARKETS NSW,ARTHUR YEE PTY LTD
Phone:9746 7857,Fax:9764 4415,Bananas,Stall Location:  P O BOX 395 SYDNEY MARKETS NSW,ARCELLA FAMILY INVESTMENT PTY LTD
Phone:9746 8613,Fax:9746 1397,Chestnuts;Citrus Fruits;Persimmons;Stone Fruits,Stall Location: C253  C254-255  SYDNEY MARKETS NSW,APOLLO FRUIT SUPPLY
Phone:9764 3833,Fax:9746 0482,All types of Fruit;All types of Vegetables,Stall Location: G001  SYDNEY MARKETS NSW,ANTICO INTERNATIONAL PTY LTD
Phone:9746 0424,Fax:9746 0124,All types of Fruit;All types of Vegetables;Capsicum;Grapes,Stall Location:    ,ALVARO BROS PTY LTD
Phone:9746 8485,Fax:9746 5499,Avocados;Custard Apples;Lemons;Limes;Mangoes;Tropical Fruit,Stall Location: A064-065  SYDNEY MARKETS NSW,ALLCROPS PTY LTD
Phone:9746 5145,Fax:9746 1978,Apples;Cherries;Kiwifruit;Nashi;Nectarines;Peaches;Pears;Stone Fruits,Stall Location: A080-81  SYDNEY MARKETS NSW,ALL SEASONS PRODUCE PTY LTD
Phone:9763 1095,Fax:9746 1390,Alfalfa Sprout;Asian Produce;Asparagus;Bean Sprout;Beetroot;Broad Bean;Broccoli;Broccolini;Brussel Sprouts;Cabbage;Capsicum;Carrots;Carrots - Dutch;Cauliflower;Celeriac;Celery;Chestnuts;Chillies;Choy Sum;Corn;Cucumbers;Diakon Radish;Eggplant;Fennel;Fennel Baby;Garlic;Ginger;Herbs;Horseradish;Jerusalem Artichoke;Kale;Kohrabi;Leeks;Lettuce;Lettuce - Hydroponic;Mangoes;Olives;Parsley;Parsnips;Proasparagus (All Year);Radish;Rhubarb;Shallots;Silverboot;Snow Peas;Spinach;Sprouts;Squash;Swedes;Tomatoes;Turnip;Zingiber (All Year);Zucchini,Stall Location: STORES A90-A92 BUILDING A SYDNEY MARKETS NSW,AKROPOL FRUIT & VEG SUPPLIES P/L
Phone:9746 8348,Fax:9764 4415,Bananas,Stall Location: E31-E34 & EBANRM 3 & 4  SYDNEY MARKETS NSW,ABC BANANAS
Phone:9746 2277,Fax:9746 2240,Mushrooms;Strawberries;Tomatoes,Stall Location: STORE 278 BUILDING C SYDNEY MARKETS NSW,A W SAVORY FRUIT SUPPLY
Phone:9764 3911,Fax:9746 1981,Beans;Borlotti Bean;Broccoli;Brussel Sprouts;Butter Bean;Capsicum;Choko;Corn;Mangoes;Melons;Peas;Rockmelon;Snow Peas;Sprouts;Squash;Strawberries;Tomatoes;Zucchini,Stall Location: A028/029/033/078/079  SYDNEY MARKETS NSW,FRANK HERBERT PTY LTD
Phone:9746 8365     3,Fax:9746 2452,Apples;Mangoes;Pears;Stone Fruits,Stall Location: C213/214  SYDNEY MARKETS NSW,F H G ROGERS PTY LTD
Phone:9764 3268,Fax:9746 6163,Apples;Avocados;Berries;Carambola;Cherries;Citrus Fruits;Cumquats;Dragon Fruit;Exotic Produce;Figs;Lemons;Limes;Longan;Lychees;Mandarins;Mangoes;Mangosteen;Melons;Pawpaw (Papaya);Persimmons;Pineapples;Rambutans;Tangelos;Tropical Fruit,Stall Location: A025-A026  A030  SYDNEY MARKETS NSW,EXPRESS FRUIT
Phone:0414-643474,Fax:9746 1404,Herbs;Salad Mix;Samphire,Stall Location: C201  SYDNEY MARKETS NSW,EXPORT FRESH PTY LTD
Phone:9746 8311,Fax:9746 2690,Avocados;Berries;Exotic Fruit;Longan;Lychees;Mangoes;Pawpaw (Papaya);Rambutans,Stall Location: A061/062/063  SYDNEY MARKETS NSW,EXOTIC FRUIT TRADERS PTY LTD
Phone:0412403156 FAY,Fax:,All types of Fruit;All types of Vegetables;Dried Fruit;NUTS;NUTS;NUTS;Nuts,"Stall Location: 196A, VICTORIA ROAD   C270  R002SUB GLADESVILLE NSW ",EASTERN FRESH
Phone:9746 6461,Fax:9764 1654,Exotic Fruit;Pawpaw (Papaya);Pineapples;Tropical Fruit,Stall Location: A053  SYDNEY MARKETS NSW,E LEE & SONS
Phone:9746 9048,Fax:9764 1154,Asparagus;Avocados;Beans;Cherries;Corn;Custard Apples;Eggplant;Figs;Grapes;Green Bean;Kiwifruit;Limes;Mandarins;Mangoes;Mangosteen;Nectarines;Olives;Oranges;Paradise Pear;Passionfruit;Peaches;Plums;Proasparagus (All Year);Squash;Tomatoes;Watermelon,Stall Location: A023-024  SYDNEY MARKETS NSW,E F COOKE PTY LTD
Phone:9746 6767,Fax:9763 1084,Avocados;Citrus Fruits;Figs;Grapefruit;Grapes;Lemons;Limes;Mandarins;Nectarines;Oranges;Peaches;Plums;Stone Fruits;Tangelos;Watermelon,Stall Location: A013  A016  SYDNEY MARKETS NSW,E D WILBOW & SON P/L
Phone:9746 5566,Fax:9746 1522,All types of Fruit,Stall Location: STORES 14 WAREHOUSE J SYDNEY MARKETS NSW,DUFFY BROS FRUIT WORLD PTY LTD
Phone:9746 5566,Fax:9746 1522,All types of Fruit;All types of Vegetables,Stall Location: J012B/13  SYDNEY MARKETS NSW,DUFFY BROS (WAREHOUSES) P/L
Phone:9764 3788,Fax:9746 1212,Beans;Berries;Broccoli;Carrots;Celery;Cherry Tomatoes;Choko;Corn;Cucumbers;Figs;Leeks;Lettuce;Mangoes;Onions;Parsnips;Passionfruit;Pawpaw (Papaya);Peas;Pineapples;Rockmelon;Snow Peas;Sprouts - Bean;Swedes;Sweet Potatoes;Tomatoes;Tomatoes - Trusses;Watermelon;Zucchini,Stall Location: C236A-C237   ,DAVID & LAUREN VINCENT
Phone:9764 1023     3,Fax:9764 2510,Cabbage;Capsicum;Cauliflower;Cherries;Cherry Tomatoes;Corn;Cucumbers;Eggplant;Lettuce;Lettuce - Cos;Snow Peas;Spinach;Tomatoes;Tomatoes - Roma;Zucchini,Stall Location: B169/170/171/172    S001  SYDNEY MARKETS NSW,CRINITI BROS PTY LTD
Phone:9746 8374,Fax:9746 1508,Tomatoes,Stall Location: B134  SYDNEY MARKETS NSW,COUNTRY FRUIT TRADERS PTY LTD
Phone:9763 1636,Fax:9763 1749,Capsicum;Choko;Cucumbers;Eggplant;Garlic;Squash;Sweet Potatoes;Tomatoes;Zucchini,Stall Location: B106/107  SYDNEY MARKETS NSW,COOLIBAH SYDNEY PTY LTD
Phone:9763 1636,Fax:9763 1749,Baby Vegetables;Passionfruit;Salad Mix - Gourmet;Snow Peas;Tomatoes - Sundried,Stall Location: B108  SYDNEY MARKETS NSW,COOLIBAH SYDNEY PTY LTD
Phone:9764 3599,Fax:9746 5130,Citrus Fruits;Durian;Grapes;Honeydew;Lychees;Mangoes;Pawpaw (Papaya);Rockmelon;Stone Fruits;Tomatoes,Stall Location: B173-174    J010  SYDNEY MARKETS NSW,J H GOTTS PTY LTD
Phone:9746 6416,Fax:9763 1551,Apricots;Capsicum;Chillies;Corn;Cucumbers;Eggplant;Figs;Grapes;Lettuce;Lettuce - Cos;Mangoes;Melons;Plums;Rockmelon;Tomatoes;Watermelon;Zucchini,Stall Location: C275  SYDNEY MARKETS NSW,J & J FRUIT SUPPLY NO 2
Phone:9325 6777,Fax:9325 6694,Beef Lamb Chicken Pork Seafood;EGGS;EGGS;EGGS;Eggs;Fish;Frozen Vegetables;Meat;POULTRY;POULTRY;POULTRY;Poultry;Poultry;Sauces;Suppliers to Pubs Clubs Hotels Restaurants BBQs,Stall Location: PLZSHOP 19 & 21  SYDNEY MARKETS NSW,HOMEBUSH EXPORT MEAT CO. PTY LTD
Phone:9764 2617     7,Fax:9746 2689,Carrots;Celery;Stone Fruits;Tomatoes,Stall Location: 14/24 BELGRAVE ST KOGARAH NSW NSW,HARRY SUN PTY LTD
Phone:9746 2055,Fax:9746 9071,All Bunch Lines;All types of Fruit;All types of Vegetables,Stall Location:   SYDNEY MARKETS NSW,HARRIS FARM MARKETS PTY LTD
Phone:9394 3126,Fax:9746 9071,Bananas,Stall Location:   SYDNEY MARKETS ,HARRIS FARM MARKETS
Phone:9394 3111/3173,Fax:9746 9071/3973,All types of Fruit;All types of Vegetables,Stall Location: PARKING F-F290-293 W 001/002 SYDNEY MARKETS NSW,HARRIS FARM MARKETS
Phone:9764 3810,Fax:9764 1242,Apples;Avocados;Citrus Fruits;Grapes;Mangoes;Pears;Stone Fruits,Stall Location: A019/020/021  SYDNEY MARKETS NSW,GROVE & EDGAR P/L
Phone:9639 8686,Fax:9639 8656,Alfalfa Sprout;Apples;Artichoke;Artichoke - Cynara (Jan);Asian Produce;Asparagus;Avocados;Bananas;Bean Sprout;Beans;Beetroot;Berries;Broccoli;Broccolini;Brussel Sprouts;Butter Bean;Cabbage;Capsicum;Carrots;Carrots - Dutch;Cauliflower;Celeriac;Celery;Champagne Melon;Cherries;Chestnuts;Chillies;Choko;Choy Sum;Citrus Fruits;Coconuts;Corn;Cucumbers;Custard Apples;Dates;Diakon Radish;Eggplant;Eggs;EGGS;EGGS;EGGS;Fennel;Fennel Baby;Figs;Flat Bean;Garlic;Ginger;Grapefruit;Grapes;Green Bean;Herbs;Honeydew;Horseradish;Indian Fig / Prickly Pear;Jerusalem Artichoke;Kale;Kiwifruit;Leeks;Lemons;Lettuce;Limes;Longan;Lychees;Mandarins;Mangoes;Melons;Mushrooms;Nashi;Nectarines;Okra (Ladies Fingers);Onions;Oranges;Parsley;Parsnips;Passionfruit;Pawpaw (Papaya);Pea;Peaches;Pears;Persimmons;Pineapples;Plums;Pomegranate;Potatoes;Proasparagus (All Year);Pumpkin;Quince;Radish;Rambutans;Rhubarb;Rockmelon;Salad Mix;Silverboot;Spinach;Sprouts;Squash;Swedes;Tangelos;Tomatoes;Turnip;Watermelon;Zingiber (All Year),Stall Location: J001   ,GOURMAND PROVIDORE PTY LTD
Phone:9764 3799,Fax:9764 3798,Apples;Cherries;Grapes;Passionfruit;Pears;Stone Fruits,"Stall Location: STANDS 2 - 4, BUILDING ""A"" SYDNEY MARKETS NSW",GOLDEN FRUIT
Phone:9746 5586,Fax:9746 5586,Asian Produce;Asparagus;Berries;Carambola;Cherry Tomatoes;Exotic Produce;Feijoas;Kiwifruit;Limes;Longan;Lychees;Mangosteen;Pomegranate;Proasparagus (All Year);Rambutans;Strawberries;Tamarillo,Stall Location: C260  SYDNEY MARKETS NSW,GLOBAL FRUIT SUPPLY
Phone:9764 4177,Fax:9746 1593,Fresh Fruit;Fruitsalad;Peeld Pumpkin;Peeled Carrots;Peeled Onions;Peeled Potato;Potato Salad;Prepared Fruit;Prepared Vegetables,Stall Location: H 019-021   ,GEOFF GOON HOLDING PTY LTD ATF G&Y GOON SUPER
"Phone:9746 5222,Phone:9746 5222","Fax:9746 6422,Fax:9746 6422",Tropical Fruit;Tropical Fruit,"Stall Location: ECSOFFICE1 & ECOLDSTORE3   NSW,Stall Location: ECSOFFICE1 & ECOLDSTORE3   NSW","FRESHA PRODUCE PTY LTD,FRESHA PRODUCE PTY LTD"
"Phone:02 9704 8300,Phone:02 9704 8300","Fax:9746 3762,Fax:9746 3762",All types of Fruit;All types of Fruit;All types of Vegetables;All types of Vegetables,"Stall Location: B175/176/177  SYDNEY MARKETS NSW,Stall Location: B175/176/177  SYDNEY MARKETS NSW","FRESH PRODUCE GROUP OF AUSTRALIA P/L,FRESH PRODUCE GROUP OF AUSTRALIA P/L"
Phone:9746 2474,Fax:9746 1809,Broccoli;Capsicum;Cauliflower;Celery;Cucumbers;Eggplant;Honeydew;Lettuce;Mangoes;Pineapples;Rockmelon;Tomatoes;Zucchini,Stall Location: C258/259   O009  SYDNEY MARKETS NSW,FRESH FELLAS PTY LTD
Phone:0411 260 557,Fax:02 9746 6073,All types of Fruit;All types of Vegetables;Garlic;Onions;Potatoes;Pumpkin;Watermelon,Stall Location: C230   ,FRANK NOHRA INVESTMENTS PTY LTD
Phone:02 9746 0462,Fax:039 5964 4237,Apples,Stall Location:    ,RED RICH FRUITS (NSW) PTY LTD
Phone:9746 6175,Fax:9746 5405,Apples;Asparagus;Avocados;Borlotti Bean;Broad Bean;Capsicum;Cherries;Chillies;Citrus Fruits;Cucumbers;Custard Apples;Dragon Fruit;Grapefruit;Honeydew;Indian Fig / Prickly Pear;Kiwifruit;Kumquat;Lemons;Limes;Longan;Lychees;Mandarins;Mangoes;Melons;Nashi;Nectarines;Olives;Oranges;Paradise Pear;Pawpaw (Papaya);Peaches;Pears;Pepino;Persimmons;Pineapples;Plums;Pomegranate;Pomelo;Proasparagus (All Year);Pumpkin;Quince;Rambutans;Rockmelon;Tamarillo;Tomatoes;Watermelon,Stall Location: C290B/291    R014/R014SUB  SYDNEY MARKETS NSW,REARDON BROS
Phone:9764 2693,Fax:9746 6149,Honeydew;Lemons;Onions;Oranges;Pineapples;Potatoes;Rockmelon,Stall Location: C211/212  SYDNEY MARKETS NSW,RAY K.GHALLOUB; asttee JRD GHALLOUB FAMILY TR
Phone:9764 2693,Fax:9746 6149,Butternut;Pumpkin;Watermelon,Stall Location: C207/208/209/210 OPART6A/B SYDNEY MARKETS NSW,RAY K.GHALLOUB; asttee JRD GHALLOUB FAMILY TR
Phone:9764 4566,Fax:9764 4365,Capsicum;Citrus Fruits;Stone Fruits;Strawberries;Tomatoes;Zucchini,Stall Location: A007/008/009/0010   J014D MEZZANINE SPACE BUILDING A SYDNEY MARKETS NSW,RALPH JOHNS PTY LTD
Phone:9764 4177,Fax:9746 1593,Fresh Fruit;Fresh Vegetable;Fruitsalad;Peeld Pumpkin;Peeled Carrots;Peeled Onions;Peeled Potato;Potato Salad;Prepared Fruit;Prepared Vegetables,Stall Location: STORES H019/020/021  SYDNEY MARKETS NSW,R J GOON & SONS PTY LTD
Phone:9746 6045,Fax:9746 2348,Butternut;Garlic;Onions;Potatoes;Pumpkin;Watermelon,Stall Location:    ,QUALITY FARM PRODUCE
Phone:9746 7649,Fax:9746 6704,Apples,"Stall Location: B 117-118, 119 & 120   ",PROFRUIT PTY LIMITED
Phone:9763 1877,Fax:9764 1724,Artichoke;Artichoke - Cynara (Jan);Asparagus;Broccoli;Broccolini;Cabbage;Capsicum;Carrots - Dutch;Cauliflower;Celery;Corn - Polkadot;Corn - White;Cucumbers;Cucumbers - Baby;Eggplant;Fennel;Leeks;Lettuce;Mangoes;Melons;Mini Cabbage;Mini Capsicum;Proasparagus (All Year);Silverbeet - Rainbow;Sweetcorn;Tomatoes;Tomatoes - Grape;Witlof;Wombok,Stall Location: B129/130/131  SYDNEY MARKETS NSW,PERFECTION FRESH AUSTRALIA PTY LTD
Phone:9746 7590,Fax:,Bananas,Stall Location: STORE 38   EBANRM6 MARKET E SYDNEY MARKETS NSW,P W CHEW & CO (BAN ROOM)
Phone:9746 7590,Fax:9746 8895,Bananas,Stall Location: E37/38 EBANRMT1&2  EW1&2  SYDNEY MARKETS NSW,P W CHEW
Phone:9746 2046,Fax:9746 2043,Asian Produce;Bamboo Shoots;Banana Flowers;Beans;Cassava;Chillies;Choko;Coconuts;Cucumbers;Dragon Fruit;Eggplant;EGGS;EGGS;EGGS;Eggs;Garlic;Ginger;Guava;Herbs;Longan;Lychees;Mangoes;Melons;Okra (Ladies Fingers);Pawpaw (Papaya);Pomelo;Potatoes;Radish;Shallots;Squash;Zingiber (All Year),"Stall Location:                                  C261-263,274  SYDNEY MARKETS NSW",ORIENTAL PRODUCE
Phone:9746 7553,Fax:9416 3646,Asian Produce,Stall Location: COMPOUND AREA WAREHOUSE H H007 SYDNEY MARKETS NSW,NEWNORTH HOLDINGS PTY LTD
Phone:9764 4322,Fax:9746 1451,Broccoli;Celery;Lettuce;Mangoes;Rockmelon;Strawberries,Stall Location: A067-068 also a/c 3092 sublet T001A   ,NEWFRESH AUSTRALIA
Phone:9764 3622,Fax:9746 2273     0,Apples;Avocados;Berries;Cherries;Citrus Fruits;Mangoes;Stone Fruits,Stall Location: A035/036-A036-037 STORE 1 OFF SPACE & OPEN W'HSE Q SYDNEY MARKETS NSW,N & A FRUIT DIST. PTY LTD
Phone:9325 6088,Fax:9325 6099,Garlic;Melons;Onions;Potatoes;Pumpkin,Stall Location: C227/228/229   N001/N001SUB PLZB15/OTHPROMCENTR/OTHOFFICE2 SYDNEY MARKETS NSW,MURPHY'S PRODUCE
Phone:9746 3799,Fax:9746 3117,Garlic;Ginger;Melons;Onions;Potatoes;Pumpkin;Zingiber (All Year),Stall Location: A027   C223-226  SYDNEY MARKETS NSW,MURPHYS PRODUCE
Phone:9764 2370,Fax:9764 2218,Avocados;Capsicum;Carrots;Cherries;Chestnuts;Citrus Fruits;Coconuts;Corn;Cucumbers;Dates;Garlic;Ginger;Honeydew;Hydroponic Tomatoes;Lemons;Limes;Mandarins;Mushrooms;Nectarines;Oranges;Passionfruit;Peaches;Pears;Potatoes;Pumpkin;Rockmelon;Stone Fruits;Tomatoes - Gourmet;Watermelon;Zingiber (All Year),Stall Location: A052  SYDNEY MARKETS NSW,MORAITIS WHOLESALE (NSW)
Phone:02 9746 9800,Fax:02 9746 2081,Bananas,"Stall Location: E7/8, 13-16  SYDNEY MARKETS NSW",MORAITIS BANANAS (NSW)
Phone:9627 4799,Fax:0438 556 890,Asparagus;Beans - Sugar Snap;Corn - Baby;Mushrooms;Proasparagus (All Year);Salad Mix;Snow Peas;Spinach,Stall Location: 61 WALLACE RD VINEYARD NSW ,METRO MUSHROOMS
Phone:9746 7511,Fax:9746 7522,EGGS;EGGS;EGGS;Eggs,Stall Location: A069/070/071  SYDNEY MARKETS NSW,MARKET EGG SUPPLIES
Phone:02 9642 1600,Fax:02 9642 1611,All types of Fruit;All types of Vegetables;Coolroom;Salad Mix,Stall Location: STRATHFIELD SUPER BOWL            ECOLDSTORE1 546 LIVERPOOL RD STRATHFIELD SOUTH ,MACRI FRUIT DISTRIBUTORS P/L
Phone:9746 9623,Fax:9746 1682,Capsicum;Cucumbers;Eggplant;Hydroponic Tomatoes;Tomatoes;Tomatoes - Gourmet;Tomatoes - Roma;Tomatoes - Trusses;Zucchini,Stall Location: B102/102ADJ   H028  SYDNEY MARKETS NSW,LULIC PTY LTD
Phone:9746 9906,Fax:9746 9329,Citrus Fruits;Seasonal Fruit;Stone Fruits,Stall Location: A017/A018  SYDNEY MARKETS NSW,LOCKHART-ENDEAVOUR
Phone:9764 4888,Fax:9746 9162,Asparagus;Cherry Tomatoes;Corn - Baby;Cucumbers - Telegraph;Dates;Kiwifruit;Leeks;Mushrooms;Parsley;Proasparagus (All Year);Shallots;Snow Peas;Strawberries;Tomatoes - Trusses;Witlof,Stall Location: B165/166/167   J014A/B/C file located B165-167 SYDNEY MARKETS NSW,LEMDELL PTY LTD
Phone:9427 2414,Fax:9427 2057,All types of Fruit;All types of Vegetables,Stall Location: 0010  SYDNEY MARKETS NSW,LANE COVE WEST FRUIT MARKET
Phone:9764 3299,Fax:9746 5662,Asian Produce;Avocados;Bananas;Broccoli;Brussel Sprouts;Cabbage;Capsicum;Cauliflower;Celeriac;Celery;Choy Sum;Citrus Fruits;Grapefruit;Grapes;Kiwifruit;Leeks;Lemons;Lettuce;Limes;Mandarins;Mangoes;Oranges;Shallots;Spinach;Tomatoes,Stall Location: E 1-4  SYDNEY MARKETS NSW,LAMANNA BANANAS P/L
Phone:9746 5600,Fax:9764 1737,Capsicum;Citrus Fruits;Cucumbers;Custard Apples;Honeydew;Kiwifruit;Limes;Lychees;Pawpaw (Papaya);Persimmons;Quince;Rambutans;Rockmelon;Starfruit;Stone Fruits;Tropical Fruit;Zucchini,Stall Location: B178/179  SYDNEY MARKETS NSW,L R MOSS PTY LTD
Phone:9746 3284,Fax:9746 0239,Capsicum;Cucumbers;Eggplant;Tomatoes;Zucchini,Stall Location: C 205-206  SYDNEY MARKETS NSW,KAZZI A & M & SONS P/L
Phone:9764 3430,Fax:9746 7164,Apricots;Artichoke;Artichoke - Cynara (Jan);Asparagus;Broccoli;Capsicum;Carrots;Celery;Cherries;Chestnuts;Citrus Fruits;Cucumbers;Custard Apples;Eggplant;Figs;Grapes;Indian Fig / Prickly Pear;Lychees;Mandarins;Mangoes;Nectarines;Olives;Oranges;Parsnips;Peaches;Persimmons;Plums;Pomegranate;Proasparagus (All Year);Quince;Squash;Stone Fruits;Swedes;Sweet Potatoes,Stall Location: A014/015   R010  SYDNEY MARKETS NSW,JOE MIRARCHI & SON
Phone:9764 3189,Fax:9746 2956,Apples;Chestnuts;Citrus Fruits;Grapefruit;Grapes;Lemons;Limes;Nectarines;Oranges;Paradise Pear;Peaches;Pears;Persimmons;Stone Fruits;Tangelos,Stall Location: B151/152/153  SYDNEY MARKETS NSW,J W KIRKWOOD PTY LTD
Phone:9764 3899,Fax:9763 1398,Avocados;Capsicum;Citrus Fruits;Cucumbers;Grapes;Mangoes;Rockmelon;Stone Fruits;Tomatoes;Watermelon,Stall Location: A087/088/089  SYDNEY MARKETS NSW,COL JOHNSON & CO PTY LTD
Phone:9746 7407,Fax:9325 6651,Apricots;Artichoke;Artichoke - Cynara (Jan);Asparagus;Beetroot;Broccoli;Brussel Sprouts;Capsicum;Carrots;Cauliflower;Celery;Cherries;Chestnuts;Chillies;Choko;Citrus Fruits;Corn;Cucumbers;Dates;Eggplant;Figs;Garlic;Ginger;Grapefruit;Grapes;Honeydew;Hydroponic Tomatoes;Indian Fig / Prickly Pear;Kiwifruit;Lemons;Lettuce;Limes;Longan;Loquat;Lychees;Mandarins;Mangoes;Melons;Nashi;Nectarines;Olives;Onions;Oranges;Paradise Pear;Parsnips;Passionfruit;Peaches;Pears;Persimmons;Plums;Pomegranate;Potatoes;Proasparagus (All Year);Pumpkin;Rockmelon;Silverboot;Spinach;Sprouts;Squash;Swedes;Tomatoes;Turnip;Watermelon;Zingiber (All Year),Stall Location: B110/111  SYDNEY MARKETS NSW,C & J SCOCCO PTY LTD
Phone:9764 2782,Fax:9325 6604,Beans;Capsicum;Chillies;Cucumbers;Cucumbers - Continental;Cucumbers - Lebanese;Eggplant;Flat Bean;Ginger;Hydroponic Tomatoes;Okra (Ladies Fingers);Pawpaw (Papaya);Sweet Potatoes;Tomatoes;Tomatoes - Roma;Tomatoes - Trusses;Zingiber (All Year);Zucchini,Stall Location: A077  N004  SYDNEY MARKETS NSW,BOUSTANI BROS PTY LTD
Phone:9746 7051,Fax:9764 6987,Apples;Artichoke;Artichoke - Cynara (Jan);Avocados;Beans;Berries;Capsicum;Carrots;Chestnuts;Chillies;Cucumbers;Eggplant;Figs;Flat Bean;Garlic;Ginger;Grapes;Honeydew;Lemons;Limes;Lychees;Mangoes;Melons;Nectarines;Okra (Ladies Fingers);Onions;Passionfruit;Peaches;Plums;Potatoes;Pumpkin;Rockmelon;Salad Mix;Sweet Potatoes;Tomatoes;Watermelon;Zingiber (All Year),Stall Location: A056/057  SYDNEY MARKETS NSW,AUSTRALIAN GLOBAL MARKETING P/L
Phone:9746 3366,Fax:9746 2247,Citrus Fruits;Honeydew;Rockmelon;Stone Fruits;Watermelon,Stall Location: A012  SYDNEY MARKETS NSW,THE FRESH FRUIT CO P/L
Phone:,Fax:9746 0513,Chinese Vegetables;Corn - Baby;Mung Beans;Sprouts - Alfalfa;Sprouts - Bean;Sprouts - Snow Peas,"Stall Location: STORE 1, WAREHOUSE H STORE 4, WAREHOUSE N SYDNEY MARKETS NSW",TAT ALAN & BROS PTY LTD
Phone:9746 6703,Fax:9746 1841,Broccoli;Brussel Sprouts;Capsicum;Carrots;Cauliflower;Celery;Cherry Tomatoes;Choko;Cucumbers - Lebanese;Eggplant;Lettuce;Lettuce - Cos;Nectarines;Parsnips;Passionfruit;Peaches;Spinach;Strawberries;Swedes;Tomatoes,Stall Location: C289/290A  SYDNEY MARKETS NSW,T RAINSFORD PTY LTD
Phone:9746 0442,Fax:9746 2245,Broccoli;Grapes;Lettuce;Strawberries,Stall Location: B163/164   T004  SYDNEY MARKETS NSW,T & F MARKETING
Phone:9764 4500,Fax:9746 1958,Lettuce;Mangoes;Nectarines;Peaches;Rockmelon;Strawberries;Tomatoes;Zucchini,Stall Location: A011  SYDNEY MARKETS NSW,SUNTIKI PTY LTD
Phone:9763 1733,Fax:9764 3776,Broccoli;Capsicum;Grapes;Lettuce;Rockmelon;Seasonal Fruit;Strawberries;Tomatoes,Stall Location: B126/127/128    R005  SYDNEY MARKETS NSW,SUNFRESH FRUIT & VEGETABLE MERCHANTS
Phone:9764 3788,Fax:9746 0678,Asparagus;Beans;Beetroot;Berries;Borlotti Bean;Broad Bean;Broccoli;Brussel Sprouts;Butter Bean;Cabbage;Capsicum;Carrots;Carrots - Dutch;Cauliflower;Celery;Cherry Tomatoes;Chillies;Choko;Citrus Fruits;Corn;Cucumbers;Diakon Radish;Eggplant;Fennel;Fennel Baby;Figs;Flat Bean;Garlic;Ginger;Green Bean;Honeydew;Indian Fig / Prickly Pear;Kiwifruit;Kohrabi;Leeks;Lettuce;Limes;Onions;Parsley;Parsnips;Passionfruit;Pawpaw (Papaya);Pea;Pineapples;Proasparagus (All Year);Rockmelon;Salad Mix;Silverboot;Spinach;Sprouts;Swedes;Tomatoes;Truss Tomatoes;Watermelon;Zingiber (All Year),Stall Location: C231/232 C234/235 O002 SYDNEY MARKETS NSW,STUART DICKSON PRODUCE PTY LTD
Phone:9764 1655     4,Fax:9746 1279     8,Artichoke;Artichoke - Cynara (Jan);Asian Produce;Asparagus;Avocados;Beans;Berries;Borlotti Bean;Broad Bean;Broccoli;Broccolini;Capsicum;Choko;Citrus Fruits;Corn;Cucumbers;Diakon Radish;Dragon Fruit;Eggplant;Fennel;Fennel Baby;Figs;Flat Bean;Garlic;Ginger;Grapes;Green Bean;Honeydew;Lemons;Lettuce;Limes;Lychees;Mandarins;Mangoes;Melons;Nectarines;Okra (Ladies Fingers);Olives;Oranges;Passionfruit;Pawpaw (Papaya);Pea;Peaches;Persimmons;Plums;Pomelo;Proasparagus (All Year);Rambutans;Rockmelon;Stone Fruits;Tangelos;Tomatoes;Watermelon;Zingiber (All Year),Stall Location: C215/216/217/218  SYDNEY MARKETS NSW,SOUTHERN CROSS PRODUCE (SYD) P/L
Phone:02 9763 7800,Fax:03 9687 8400,Abiu;Apples;Asian Produce;Avocados;Bamboo Shoots;Banana Flowers;Capsicum;Carambola;Cassava;Cherries;Chillies;Choko;Coconuts;Cucumbers;Custard Apples;Diakon Radish;Dragon Fruit;Durian;Eggplant;Garlic;Ginger;Grapes;Green Bean;Guava;Herbs;Kiwifruit;Kohrabi;Lemons;Limes;Longan;Lychees;Mandarins;Mangoes;Mangosteen;Melons;Nashi;Okra (Ladies Fingers);Oranges;Pawpaw (Papaya);Peaches;Persimmons;Pineapples;Pomegranate;Pomelo;Rambutans;Sapodilla;Shallots;Star Apple;Sweet Potatoes;Watermelon;Zingiber (All Year),"Stall Location: STORE 279, BUILDING C 18 PARADE AVE KEYSBOROUGH VIC",SOUTH EAST ASIA PRODUCE
Phone:9746 5504,Fax:9746 1758,All types of Fruit;All types of Vegetables,Stall Location: C238/C239   ECOLDSTORE2  SYDNEY MARKETS NSW,SINCLAIR & ANTICO (AUST) P/L
Phone:9764 3499,Fax:9746 7633,All types of Fruit;All types of Vegetables,Stall Location:    NSW,SANSARA INVESTMENTS PTY LTD
Phone:9746 7427,Fax:9746 7833,Bananas;Bananas Organic,Stall Location: STORE 10   EBANRM4 MARKET E SYDNEY MARKETS NSW,SAM YICK & CO BANANAS
Phone:9746 7427,Fax:9746 7833,Bananas;Bananas Organic,Stall Location: E17-18  SYDNEY MARKETS NSW,SAM YICK & CO BANANAS
Phone:02 4773 9145,Fax:02 4773 9083,All types of Fruit;All types of Vegetables,Stall Location: U004/U004SUB   ,S.A & R.T TESORIERO PTY LTD
Phone:9325 6137,Fax:9325 6138,Custard Apples;Grapes;Strawberries;Tomatoes,Stall Location: B109   ,S & F PRODUCE PTY LTD
Phone:9763 2399,Fax:9325 6009,Avocados;Citrus Fruits;Cucumbers;Grapefruit;Grapes;Lemons;Tomatoes,Stall Location: C 202-203 R 001  ,S & B PRODUCE HOLDINGS PTY LIMITED
Phone:9746 1600,Fax:9764 2534,Beans;Capsicum;Celery;Eggplant;Grapes;Lettuce;Mangoes;Onions;Rockmelon;Strawberries;Tomatoes;Watermelon,Stall Location: B186-187   B188  SYDNEY MARKETS NSW,ZAPPIA BROS PTY LTD
Phone:9764 4099,Fax:9746 2290,Apples;Apricots;Avocados;Berries;Cherries;Chestnuts;Citrus Fruits;Custard Apples;Grapefruit;Grapes;Honeydew;Indian Fig / Prickly Pear;Kiwifruit;Lemons;Limes;Longan;Loquat;Lychees;Mandarins;Mangoes;Melons;Nashi;Nectarines;Olives;Oranges;Paradise Pear;Passionfruit;Pawpaw (Papaya);Peaches;Pears;Persimmons;Pineapples;Plums;Rockmelon;Strawberries;Tangelos,Stall Location: B180/181/182/183/184/185 STORES 3A 3B 6C 6D W'HOUSE O SYDNEY MARKETS NSW,X L FRUIT & VEGETABLES PTY LTD
Phone:9746 6094,Fax:9763 1591,Banana Flowers;Bananas;Bananas - Ducasse;Bananas - Sucrier,Stall Location: E 009-010  SYDNEY MARKETS NSW,WING CHONG & CO
Phone:9764 3988,Fax:9746 1784,Beans;Beans - Sugar Snap;Brussel Sprouts;Capsicum;Cherry Tomatoes;Corn;Eggplant;Okra (Ladies Fingers);Peas;Snow Peas;Squash - Yellow;Tomatoes - Tear Drop;Zucchini,Stall Location: B157/158/159  SYDNEY MARKETS NSW,WING BROS
Phone:9764 4545,Fax:9763 1955,Fresh Fruit;Fresh Vegetable,Stall Location: R008/009  SYDNEY MARKETS NSW,WATT EXPORT PTY LTD
Phone:9746 6703,Fax:9746 1841,All types of Fruit;All types of Vegetables,Stall Location: K001  SYDNEY MARKETS NSW,VAROMO PTY LTD
Phone:9746 5660,Fax:9764 4930,Apples;Apricots;Cherries;Figs;Ginger;Grapes;Longan;Mangoes;Nectarines;Peaches;Pears;Persimmons;Zingiber (All Year),Stall Location: A076  SYDNEY MARKETS NSW,VALLEY VIEW PRODUCE
Phone:02 9610 4395,Fax:0418208981 NIC,Beetroot;Cabbage;Chinese Vegetables;Herbs;Parsley;Rhubarb;Shallots;Spinach,Stall Location: U001A/U001ASUB  SYDNEY MARKETS NSW,VALENTI'S FRESH PRODUCE
Phone:9763 7858,Fax:9763 7098,Asian Produce;Bamboo Shoots;Black Sapote;Capsicum;Carambola;Cucumbers;Custard Apples;Dragon Fruit;Durian;Eggplant;Flat Bean;Ginger;Guava;Herbs;Limes;Longan;Lychees;Mangoes;Mangosteen;Nectarines;Okra (Ladies Fingers);Passionfruit;Pawpaw (Papaya);Persimmons;Plums;Pomelo;Potatoes;Rambutans;Rockmelon;Shallots;Squash;Star Apple;Tomatoes;Zingiber (All Year);Zucchini,Stall Location: A082  SYDNEY MARKETS NSW,V T LUONG PRODUCE
Phone:9894 9043 (H),Fax:9763 5822,Apples;Avocados;Cherries;Grapes;Kiwifruit;Lemons;Oranges;Pears;Stone Fruits,Stall Location: C204 Tel: 9763 5211- Bianca Fax: 9763 5822 Tel: 8745 7000 - Head Office ,UNIVERSAL PRODUCE PTY LTD
Phone:9764 3100,Fax:9764 4790,Asparagus;Citrus Fruits;Grapes;Mandarins;Proasparagus (All Year);Stone Fruits,Stall Location: B124/125    R011/012  SYDNEY MARKETS NSW,UNITED FRUIT CO PTY LTD
Phone:9325 6733,Fax:9325 6744,Abiu;Alfalfa Sprout;All types of Fruit;Apples;Apricots;Artichoke;Artichoke - Cynara (Jan);Asian Produce;Asparagus;Avocados;Babaco;Bamboo Shoots;Banana Flowers;Banana Passionfruit;Bananas;Bean Sprout;Beans;Beetroot;Berries;Black Sapote;Borlotti Bean;Broad Bean;Broccoli;Broccolini;Brussel Sprouts;Butter Bean;Cabbage;Capsicum;Carambola;Carrots;Carrots - Dutch;Cassava;Cauliflower;Celeriac;Celery;Champagne Melon;Cherries;Chestnuts;Chillies;Choko;Choy Sum;Citrus Fruits;Coconuts;Corn;Cucumbers;Custard Apples;Dates;Diakon Radish;Dragon Fruit;Durian;Eggplant;Eggs;EGGS;EGGS;EGGS;Feijoas;Fennel;Fennel Baby;Figs;Flat Bean;Garlic;Ginger;Grapefruit;Grapes;Green Bean;Guava;Honeydew;Horseradish;Indian Fig / Prickly Pear;Jerusalem Artichoke;Kale;Kiwano;Kiwifruit;Kohrabi;Kumquat;Leeks;Lemons;Lettuce;Limes;Longan;Loquat;Lychees;Mandarins;Mangoes;Mangosteen;Melons;Mushrooms;Nashi;Nectarines;Okra (Ladies Fingers);Olives;Onions;Oranges;Paradise Pear;Parsley;Passionfruit;Pawpaw (Papaya);Pea;Peaches;Pears;Pepino;Persimmons;Pineapples;Plums;Pomegranate;Pomelo;Potatoes;Proasparagus (All Year);Pumpkin;Quince;Radish;Rambutans;Rhubarb;Rockmelon;Salad Mix;Sapodilla;Shallots;Silverboot;Spinach;Sprouts;Squash;Star Apple;Swedes;Tamarillo;Tangelos;Tomatoes;Turnip;Watermelon;Zingiber (All Year),Stall Location: H025/026  SYDNEY MARKETS NSW,UNCLE TONY'S FRUIT BARN
Phone:9325 6925,Fax:9325 6918,Bananas,Stall Location: E005/006  SYDNEY MARKETS NSW,TROPIC BANANA COMPANY
Phone:9764 3188,Fax:9764 1133,Broccoli;Brussel Sprouts;Capsicum;Cauliflower;Celery;Choko;Corn;Cucumbers;Cucumbers - Telegraph;Eggplant;Honeydew;Leeks;Lettuce;Lettuce - Cos;Limes;Mangoes;Melons - Chinese Hami;Rockmelon;Tomatoes;Zucchini,Stall Location: B154  B155-156  SYDNEY MARKETS NSW,TRISTATE PRODUCE MERCHANTS PTY LTD
Phone:9746 3786,Fax:9746 3758,Asian Produce;Cherry Tomatoes,"Stall Location: B103-4, N002 (SUBLET) MARKET B SYDNEY MARKETS NSW",TOP CLASS FRUIT SUPPLY P/L
Phone:8853 1888,Fax:8814 7913,All types of Fruit;All types of Vegetables,Stall Location: H008  SYDNEY MARKETS NSW,"RUSSO, PAUL MR"
Phone:9746 7626,Fax:9746 8660,Basil;Beans;Broccoli;Brussel Sprouts;Capsicum;Carrots;Celery;Choko;Cucumbers;Diakon Radish;Peas;Snow Peas;Sprouts;Squash;Sweet Potatoes;Tomatoes;Turnip,Stall Location:    ,"RUSSO, DAVID MR"
Phone:9746 5265,Fax:9746 7036,Asian Produce;Berries;Tropical Fruit,Stall Location: A075  SYDNEY MARKETS NSW,ROY CAVE & SONS PTY LTD
Phone:9746 7236,Fax:9746 1696,Beans;Cucumbers;Eggplant;Grapes;Rockmelon;Stone Fruits;Sweet Potatoes;Tomatoes,Stall Location: A034/086  SYDNEY MARKETS NSW,ROBERT G CLARKE PTY LTD
