Item,Size,Description
22717,1.75L,JACK DANIELS BLACK NO-7
17483,1.75L,CROWN ROYAL
23144,1.75L,JIM BEAM
14331,1.75L,CANADIAN CLUB
11655,1.75L,ANCIENT AGE
25258,1.75L,MAKERS MARK
23044,1.75L,JAMESON IRISH WHISKEY
33968,1.75L,SEAGRAMS VO
30953,1.75L,SEAGRAMS 7 CROWN
1791,750ML,STRANAHAN'S COLORADO WHISKEY
12949,1.75L,BLACK VELVET
34524,1.75L,WINDSOR CANADIAN 80
25259,750ML,MAKERS MARK
14350,1.75L,CANADIAN MIST
19122,1.75L,EVAN WILLIAMS BLACK
24697,1.75L,CANADIAN LORD CALVERT
7440,750ML,BUSHMILLS 1608 ANNIVERSARY EDITION
17480,1L,CROWN ROYAL
17486,750ML,CROWN ROYAL
23042,750ML,JAMESON IRISH WHISKEY
24737,750ML,BRECKENRIDGE BOURBON WHISKEY
15293,1.75L,JIM BEAM BLACK DOUBLE AGED 8 YEAR
22718,750ML,JACK DANIELS BLACK NO-7
16226,1.75L,BUFFALO TRACE BOURBON
34030,1.75L,WILD TURKEY 101
10692,750ML,BULLEIT BOURBON
27450,750ML,BUSHMILLS
32980,1.75L,TEN HIGH
16229,750ML,BUFFALO TRACE BOURBON
10001,1.75L,TULLAMORE DEW
19161,1.75L,EZRA BROOKS 80
31720,1.75L,SOUTHERN COMFORT 70 PROOF
4499,1.75L,PENDLETON CANADIAN WHISKEY
24226,50ML,FIREBALL CINNAMON WHISKY
27471,1.75L,OLD CROW
22721,1L,JACK DANIELS BLACK NO-7
14398,750ML,JACK DANIELS SINGLE BARREL
25061,750ML,BULLEIT 95 RYE
23769,750ML,KNOB CREEK 100 PROOF BOURBON
20311,750ML,GENTLEMAN JACK
23146,750ML,JIM BEAM
25214,750ML,FIREBALL CINNAMON WHISKY
14341,1.75L,CANADIAN HUNTER
446,750ML,PENDLETON CANADIAN
12340,1L,FIREBALL CINNAMON WHISKY
25254,1L,MAKERS MARK
25555,750ML,SPICEBOX SPICED WHISKY
27448,1.75L,BUSHMILLS
10193,1.75L,BULLEIT BOURBON
26352,750ML,COOPER'S MARK BOURBON WHISKEY
21603,1.75L,HIGHLAND MIST
18103,1.75L,DEWARS WHITE LABEL SCOTCH
23189,1.75L,JOHNNIE WALKER RED SCOTCH
17307,1.75L,CRAWFORD SCOTCH
16236,1.75L,CLAN MACGREGOR SCOTCH
35105,1.75L,J&B RARE SCOTCH
19196,1.75L,FAMOUS GROUSE SCOTCH
30933,1.75L,SCORESBY SCOTCH
17673,1.75L,CUTTY SARK SCOTCH
23180,1.75L,JOHNNIE WALKER BLACK SCOTCH
15947,1.75L,CHIVAS REGAL 12 YR SCOTCH
23187,750ML,JOHNNIE WALKER RED SCOTCH
15946,750ML,CHIVAS REGAL 12 YR SCOTCH
18100,750ML,DEWARS WHITE LABEL SCOTCH
18104,1L,DEWARS WHITE LABEL SCOTCH
23182,750ML,JOHNNIE WALKER BLACK SCOTCH
20864,1.75L,GRANTS SCOTCH
26503,750ML,JOHNNIE WALKER DOUBLE BLACK SCOTCH
12329,1.75L,BALLANTINE SCOTCH
23186,750ML,JOHNNIE WALKER BLUE SCOTCH
28048,1.75L,PASSPORT SCOTCH
24286,1.75L,LAUDERS SCOTCH
15945,1L,CHIVAS REGAL 12 YR SCOTCH
19944,1.75L,DEWARS 12 YR SCOTCH
22668,750ML,J&B RARE SCOTCH
19773,1L,DEWARS 12 YR SCOTCH
23188,1L,JOHNNIE WALKER RED SCOTCH
19772,750ML,DEWARS 12 YR SCOTCH
27505,1.75L,OLD SMUGGLER SCOTCH
16521,1.75L,CLUNY 80 PROOF SCOTCH
23181,1L,JOHNNIE WALKER BLACK SCOTCH
1326,750ML,M COLLINS BLENDED IRISH
18141,750ML,PINCH 15YR
16114,1.75L,DUGGANS DEW SCOTCH
20862,1L,GRANTS SCOTCH
33516,1.75L,USHERS GREEN STRIPE
22449,1.75L,INVERHOUSE SCOTCH
25669,750ML,BLACK GROUSE BLENDED SCOTCH
21588,750ML,JOHNNIE WALKER GREEN SCOTCH
10562,750ML,FAMOUS GROUSE SCOTCH
12328,1L,BALLANTINE SCOTCH
32971,1.75L,TEACHERS HIGHLAND CREAM
8308,750ML,HIGHLAND HARVEST SCOTCH ORGANIC
21604,1L,HIGHLAND MIST
12330,750ML,BALLANTINE SCOTCH
17676,750ML,CUTTY SARK SCOTCH
25670,1.75L,BLACK GROUSE BLENDED SCOTCH
22671,1L,J&B RARE SCOTCH
19197,1L,FAMOUS GROUSE SCOTCH
35099,750ML,BUCHANAN 12 YEAR SCOTCH
17210,750ML,COURVOISIER VS COGNAC
29348,750ML,REMY MARTIN VSOP COGNAC
21433,750ML,HENNESSY VS
7070,750ML,ANSAC VS COGNAC
1002,750ML,LANDY VS COGNAC
17213,750ML,COURVOISIER VSOP COGNAC
12105,750ML,MARQUIS DE MONTDIDIER VSOP
17206,1L,COURVOISIER VS COGNAC
6407,750ML,CALVADOS CARDINAL
21434,1L,HENNESSY VS
958,750ML,CALVACLUB CALVADOS 
36103,750ML,HINE RARE & DELICATE
26260,750ML,COURVOISIER ROSE LIQUEUR
16583,750ML,DELORME VS
1003,750ML,LANDY VSOP COGNAC
23857,1.75L,KORBEL BRANDY
15954,1.75L,CHRISTIAN BROS BRANDY 80P
25968,750ML,P MASSON BRANDY
32017,750ML,ST REMY FRENCH BRANDY
19517,750ML,P MASSON BRANDY VSOP
21886,1.75L,H WALKER APRICOT BRANDY
24452,1.75L,E&J BRANDY XO
18793,1.75L,E&J BRANDY
27652,1L,P MASSON BRANDY
27654,1.75L,P MASSON BRANDY
21891,1L,H WALKER BLACKBERRY BRANDY
12868,1.75L,E&J BRANDY VSOP
7875,750ML,CHRISTIAN BROS BRANDY 80P TRAVELER
15956,750ML,CHRISTIAN BROS BRANDY 80P
18794,1L,E&J BRANDY
34096,750ML,BALVENIE 12 YEAR DOUBLEWOOD
25181,750ML,MACALLAN SCOTCH 12 YEAR
20676,1.75L,GLENLIVET SCOTCH
20687,750ML,GLEN MORAY 12YR SINGLE MALT SCOTCH
20662,1.75L,GLENFIDDICH
24137,750ML,LAGAVULIN 16YR SINGLE MALT
20663,750ML,GLENFIDDICH
19619,750ML,ARDBEG 10 YR
20675,750ML,GLENLIVET SCOTCH
27416,750ML,OBAN 14 YR SINGLE MALT
21608,750ML,HIGHLAND PARK 12YR SINGLE MALT SCOTCH
16668,750ML,BOWMORE LEGEND
19607,1.75L,MCCLELLANDS SINGLE MALT ISLAY
17592,750ML,GLENFIDDICH 15 YEAR SOLERA
20683,750ML,GLENMORANGIE SCOTCH 10 YR
21309,1.75L,MCCLELLANDS SING MALT HIGHLAND
24255,750ML,LAPHROAIG 10 YEAR SINGLE MALT SCOTCH
24370,1.75L,MCCLELLANDS SINGLE MALT SPEYSIDE
32636,750ML,TALISKER 10 YR SINGLE MALT
34916,750ML,BALVENIE 15 YEAR SINGLE BARREL
17775,750ML,DALWHINNIE 15YR SINGLE MALT
16885,750ML,GLENLIVET 15YR FRENCH OAK SCOTCH
26363,750ML,ARRAN 10 YEAR SINGLE MALT SCOTCH
21310,1.75L,MCCLELLANDS SING MALT LOWLAND
9831,750ML,GLENMORANGIE LASANTA SCOTCH
22574,750ML,GLENMORANGIE QUINTA RUBAN
22575,750ML,GLENMORANGIE NECTAR D'OR SCOTCH
3570,750ML,GLENLIVET NADURRA 16 YR. SCOTCH
9818,750ML,LAPHROAIG 10 YR CASK SINGLE MALT SCOTCH
20686,750ML,GLENMORANGIE SCOTCH 18 YR
12285,750ML,ABERLOUR 16 YEAR SCOTCH
25180,750ML,MACALLAN SCOTCH 18 YEAR
20660,750ML,GLENFARCLAS 12 YEAR
20674,1L,GLENLIVET SCOTCH
23823,750ML,CARDHU SINGLE MALT
10258,750ML,BUNNAHABHAIN 12 YEAR
8313,750ML,SINGLETON SINGLE MALT SCOTCH
1513,750ML,HIGHLAND PARK 15 YR SINGLE MALT SCOTCH
4487,750ML,ABERLOUR GLENLIVET 12YR SCOTCH
7144,750ML,BALVENIE CARRIBEAN CASK 14 YR
26567,750ML,GLEN MORAY CLASSIC SINGLE MALT SCOTCH
22410,750ML,GLENROTHES SELECT RESERVE
10251,750ML,HIGHLAND PARK 18YR SINGLE MALT SCOTCH
26507,750ML,LAPHROAIG TRIPLE WOOD SINGLE MALT SCOTCH
20328,750ML,MACALLAN CASK STRENGTH
27125,750ML,SPEYBURN 10YR
26568,750ML,GLEN MORAY 16 YEAR SINGLE MALT SCOTCH
10938,750ML,CAOL ILA 12 YR
1329,750ML,M COLLINS SINGLE MALT IRISH
31300,750ML,SHEEP DIP SCOTCH
32650,1.75L,TANQUERAY GIN
20777,1.75L,GORDONS GIN 80
13288,1.75L,BOMBAY SAPPHIRE GIN
12598,1.75L,BEEFEATER GIN
20454,1.75L,GILBEYS GIN
32649,1L,TANQUERAY GIN
6339,1.75L,NEW AMSTERDAM GIN
30970,1.75L,SEAGRAMS GIN
19429,1.75L,FLEISCHMANNS GIN
13290,750ML,BOMBAY SAPPHIRE GIN
11765,1.75L,TAAKA GIN
25240,1.75L,BROKER'S GIN
13847,1.75L,BURNETTS GIN
15782,750ML,HENDRICKS GIN
4923,1.75L,TANQUERAY RANGPUR GIN
13894,1.75L,SEAGRAMS GIN TWISTED LIME
15200,1.75L,TANQUERAY TEN GIN
8933,1.75L,HENDRICKS GIN
13289,1L,BOMBAY SAPPHIRE GIN
5722,750ML,LEOPOLD GIN AMERICAN
32648,750ML,TANQUERAY GIN
10779,750ML,GORDONS GIN TRAVELER
163,1L,HENDRICKS GIN
13283,1.75L,BOMBAY GIN 86
12597,1L,BEEFEATER GIN
32043,1.75L,ST BRENDANS IRISH CREAM
20731,750ML,GRAND MARNIER
12293,1L,BAILEYS IRISH CREAM
22980,1L,JAGERMEISTER
24330,1.75L,MICHAELS CELTIC IRISH CREAM
24328,750ML,MICHAELS CELTIC IRISH CREAM
23457,1L,KAHLUA
12294,750ML,BAILEYS IRISH CREAM
21967,200ML,H WALKER PEPPERMINT 90 PRF SCH
12290,1.75L,BAILEYS IRISH CREAM
16571,750ML,COINTREAU LIQUEUR
22024,1L,H WALKER TRIPLE SEC
18618,750ML,DRAMBUIE
12291,375ML,BAILEYS IRISH CREAM
32256,750ML,GRAN GALA
18115,750ML,AMARETTO DI SARONNO
33359,750ML,TUACA
18315,1.75L,PENNSYLVANIA DUTCH EGG NOG
12124,750ML,B&B LIQUEUR
21969,750ML,H WALKER PEPPERMINT SCHNAPPS
23455,375ML,KAHLUA
33358,375ML,TUACA
22978,375ML,JAGERMEISTER
23454,1.75L,KAHLUA
22979,750ML,JAGERMEISTER
14565,1.75L,CAROLANS IRISH CREAM
23364,1.75L,JUAREZ TRIPLE SEC
23470,1.75L,KAMORA
25150,750ML,JACK DANIELS HONEY LIQUEUR
36190,750ML,KAHLUA
17627,1.75L,CUERVO GOLD TEQUILA
20484,1.75L,HORNITOS REPOSADO
28075,750ML,PATRON SILVER TEQUILA
35749,750ML,PATRON ANEJO TEQUILA
18342,1.75L,AZUL REPOSADO TEQUILA
17629,750ML,CUERVO GOLD TEQUILA
12359,1.75L,CUERVO SILVER TEQUILA
13006,750ML,CABO WABO BLANCO TEQUILA
18341,1.75L,AZUL SILVER TEQUILA
23962,750ML,ESPOLON REPOSADO TEQUILA
18846,750ML,MILAGRO SILVER
15899,750ML,PATRON REPOSADO
23961,750ML,ESPOLON BLANCO TEQUILA
16372,750ML,SAUZA 100 ANOS REPOSADO TEQUILA
18570,1.75L,MARGARITAVILLE GOLD TEQUILA
30738,1.75L,SAUZA GOLD TEQUILA
17625,1L,CUERVO GOLD TEQUILA
16532,750ML,CABO WABO REPOSADO TEQUILA
23371,1.75L,JUAREZ TEQUILA GOLD
12458,750ML,CAZADORES REPOSADO
4367,1.75L,CUESTA MESA GOLD TEQUILA
3221,375ML,CITRONGE LIQUEUR (PATRON)
23375,1.75L,JUAREZ TEQUILA WHITE
24886,1.75L,CAMARENA REPOSADO TEQUILA
19276,750ML,DON JULIO REPOSADO
21520,750ML,HERRADURA ANEJO TEQUILA
19468,750ML,CORAZON BLANCO TEQUILA
17700,1.75L,1800 REPOSADO TEQUILA
30748,1.75L,SAUZA SILVER TEQUILA
18573,1.75L,MARGARITAVILLE SILVER TEQUILA
22617,750ML,MAESTRO DOBEL DIAMOND TEQUILA
24885,1.75L,CAMARENA SILVER TEQUILA
15253,750ML,DON JULIO SILVER TEQUILA
18845,750ML,MILAGRO REPOSADO
26309,750ML,THREE AMIGOS REPOSADO TEQUILA
17704,1.75L,1800 SILVER TEQUILA
20483,1.75L,SAUZA CONMEMORATIVO
19469,750ML,CORAZON RESPASADO TEQUILA
34375,750ML,CUERVO TRADICIONAL REPOSADO TEQUILA
6346,750ML,CUERVO RESERVA DE LA FAMILIA PLATINO TEQ
12900,1L,CAZADORES REPASADO
18844,750ML,MILAGRO ANEJO
26490,750ML,THREE AMIGOS BLANCO TEQUILA
25801,750ML,SAUZA BLUE REPOSADO TEQUILA
15889,750ML,CORRALEJO REPASADO
25802,750ML,SAUZA BLUE SILVER TEQUILA
21780,750ML,HORNITOS REPOSADO
4374,750ML,CUESTA MESA GOLD TEQUILA
11552,750ML,DON JULIO ANEJO TEQUILA
30746,1L,SAUZA SILVER TEQ
11644,750ML,CRISTALINO BRUT
33652,750ML,VEUVE CLICQUOT BRUT YELLOW
23868,750ML,KORBEL BRUT
16988,750ML,COOKS BRUT
31160,750ML,SEGURA VIUDAS BRUT RESERVA
19374,750ML,LAMARCA PROSECCO
3457,750ML,LUNETTA PROSECCO
19945,750ML,FREIXENET CORDON NEGRO BRUT
16999,750ML,COOKS EXTRA DRY
23882,750ML,KORBEL EXTRA-DRY
25143,750ML,M&R ASTI
20723,750ML,GLORIA FERRER SONOMA  BRUT
24790,750ML,ROEDERER ESTATE BRUT
32607,750ML,TAITTINGER BRUT LA FRANCAISE
19488,750ML,CRISTALINO EXTRA DRY
11684,750ML,ANDRE BRUT
11701,750ML,ANDRE EXTRA DRY
20724,750ML,GLORIA FERRER BLANC DE NOIRS
15598,750ML,CHANDON BRUT CLASSIC
12337,750ML,BALLATORE GRAN SPUMANTE
19943,750ML,FREIXENET CORDON NEGRO X-DRY
15443,750ML,DOM STE MICHELLE BRUT
13196,750ML,ZARDETTO PROSECCO
24123,750ML,TOSCA PROSECCO
36773,750ML,GRUET BLANC DE NOIRS
16987,1.5L,COOKS BRUT
16992,750ML,COOKS GRAND RESERVE
23522,750ML,R MONDAVI WOODBRIDGE BRUT
25422,750ML,RUFFINO PROSECCO
28238,750ML,PERRIER JOUET GRAND BRUT
19577,750ML,CRISTALINO BRUT ROSE
19950,750ML,FREIXENET CARTA NEVADA SEMI DRY
3637,750ML,SEGURA VIUDAS X-DRY
26255,750ML,MOET & CHANDON IMPERIAL
7716,750ML,CARA MIA PROSECCO
18362,750ML,DOMAINE CARNEROS BRUT
23215,750ML,J WINERY CUVEE 20
28589,750ML,PIPER HEIDSIECK BRUT
17006,750ML,COOKS SPUMANTE
26931,750ML,TRENTADUE CALIFORNIA CHAMPAGNE
15591,750ML,CHANDON BLANC DE NOIRS
26933,750ML,MUMM NAPA BRUT PRESTIGE
20356,750ML,BAREFOOT BUBBLY X-DRY
23759,187ML,HENKELL TROCKEN FINE SEKT
36772,750ML,GRUET BRUT
17882,750ML,BAREFOOT BUBBLY BRUT
16998,1.5L,COOKS EXTRA DRY
26085,750ML,CUPCAKE PROSECCO
9910,750ML,CAPOSALDO PROSECCO
9100,750ML,MIONETTO BRUT PROSECCO
3638,750ML,SEGURA VIUDAS BRUT ROSE
17574,750ML,HENKELL TROCKEN FINE SEKT
16996,750ML,COOKS WHITE ZINFANDEL
14079,750ML,NICOLAS FEUILLATTE BRUT BLUE LABEL
20347,750ML,BAREFOOT BUBBLY MOSCATO
12036,750ML,ANDRE SPUMANTE
15446,750ML,DOM STE MICHELLE EXTRA DRY
22629,750ML,J ROGET SPUMANTE
11077,750ML,KORBEL BLANC DE NOIRS
9279,750ML,JACQUELINE BRUT  BLANC DE BLANC
6723,750ML,BAREFOOT BUBBLY PINOT GRIGIO
11682,750ML,ANDRE BLUSH
25312,750ML,R MONDAVI WOODBRIDGE EXTRA DRY
7637,750ML,POEMA BRUT
25021,750ML,DOM PERIGNON 2002 CHAMPAGNE
11686,750ML,ANDRE COLD DUCK
22608,750ML,J ROGET BRUT
26906,750ML,NICOLAS FEUILLATTE BRUT EXTREM
5261,750ML,"MIONETTO IL"" PROSECCO"""
19610,750ML,DOM STE MICHELLE BLANC DE NOIR
21816,3L,BLACK BOX CAB SAUV
21814,3L,BLACK BOX CHARD MONTEREY
19826,5L,FRANZIA CHARD
23075,3L,BLACK BOX MALBEC
21817,3L,BLACK BOX MERLOT
11302,5L,ALMADEN CHARD
2363,3L,BLACK BOX PINOT GRIGIO
11303,5L,ALMADEN CAB SAUV
19809,5L,FRANZIA CAB SAUV
19896,5L,FRANZIA WHITE ZINFANDEL
15958,5L,FRANZIA MERLOT
19888,5L,FRANZIA CHILLABLE RED
12931,3L,BLACK BOX SHIRAZ
14529,5L,ALMADEN MERLOT
15543,5L,PETER VELLA CHARD FAMILY RESERVE
14066,4L,C ROSSI PAISANO
19790,5L,FRANZIA SUNSET BLUSH
11306,5L,ALMADEN MTN RHINE
9780,3L,BLACK BOX SAUV BLANC
19852,5L,FRANZIA CHIANTI
14055,4L,C ROSSI BURGUNDY
22235,3L,INGLENOOK CHARD
19877,5L,FRANZIA CRISP WHITE
5573,5L,FRANZIA SHIRAZ
11308,5L,ALMADEN PINOT GRIGIO
19812,5L,FRANZIA CHABLIS
14071,4L,C ROSSI SANGRIA
14060,4L,C ROSSI CHABLIS
19833,5L,FRANZIA REFRESHING WHITE
23049,3L,BIG HOUSE RED
11305,5L,ALMADEN MTN BURGUNDY
11304,5L,ALMADEN MTN CHABLIS
20619,5L,FRANZIA WHITE MERLOT
17003,3L,CORBETT CANYON PINOT GRIGIO
14110,5L,PETER VELLA MERLOT FAMILY RESERVE
17646,5L,FRANZIA FRUITY RED SANGRIA
19801,5L,FRANZIA BURGUNDY
12526,3L,CORBETT CANYON CHARD
1298,5L,ALMADEN WHITE ZIN
11830,5L,PETER VELLA CAB SAUV FAMILY RESERVE
13267,3L,DELICATO BOTA BOX CAB SAUV
8574,3L,DELICATO BOTA BOX ZINFANDEL
13052,4L,C ROSSI CHIANTI
14069,4L,C ROSSI RHINE
23051,3L,SILVER BIRCH SAUV BLANC
12750,3L,DELICATO BOTA BOX PINOT GRIGIO
23792,3L,PEPPERWOOD GROVE OLD VINE ZIN
18533,1.5L,ARBOR MIST BLACKBERRY MERLOT
16727,5L,FRANZIA OLD WORLD RHINE
13458,3L,DELICATO BOTA BOX CHARD
18673,750ML,FOLIE A DEUX MENAGEATROIS RED
11631,750ML,LA CREMA CHARD SONOMA
18975,750ML,APOTHIC RED
23606,750ML,KENDALL JACKSON CHARD VR
15357,750ML,CH ST JEAN CHARD SONOMA
16299,750ML,CLOS DU BOIS CHARD NORTH COAST
13119,750ML,BOGLE CHARD
21189,750ML,MCMANIS CAB SAUV
17708,1.5L,BERINGER WHITE ZINFANDEL
14308,750ML,CAMBRIA CHARD KATHERINE'S
34608,1.5L,R MONDAVI WOODBRIDGE CHARD
22501,750ML,J LOHR CAB SAUV
17012,750ML,CH ST JEAN CAB SAUV CALIFORNIA
24543,750ML,LIBERTY SCHOOL CAB SAUV
30334,750ML,RAVENSWOOD ZIN VB
21093,750ML,SEVEN DEADLY ZINS
9554,750ML,CUPCAKE CHARD
15785,750ML,MARK WEST PINOT NOIR CALIFORNIA
11919,750ML,BERINGER CAB SAUV KNIGHTS VALLEY
29921,750ML,RODNEY STRONG CHARD SONOMA
12799,750ML,BERINGER WHITE ZINFANDEL
24064,750ML,ARCHSTONE VINEYARDS CAB SAUV NAPA
4635,750ML,CRANE LAKE PINOT NOIR
9556,750ML,CUPCAKE SAUV BLANC
29919,750ML,RODNEY STRONG CAB SAUV SONOMA
11966,750ML,TOASTED HEAD CHARD
13124,750ML,BOGLE MERLOT
25395,750ML,MARIETTA OLD VINE RED LOT 56
33617,1.5L,VENDANGE CHARD
10439,750ML,MCMANIS MERLOT
34289,750ML,WENTE CHARD RIVA RANCH
34605,1.5L,R MONDAVI WOODBRIDGE CAB SAUV
24138,750ML,CUPCAKE RED VELVET
11343,750ML,MCMANIS CHARD
23605,750ML,KENDALL JACKSON CHARD GRANDRES
11336,750ML,R MONDAVI CAB SAUV PRIV SELECT
13048,750ML,BLACKSTONE MERLOT CALIFORNIA
10874,750ML,BERINGER FOUNDERS CHARDONNAY
18393,750ML,REX GOLIATH PINOT NOIR
16895,1.5L,BERINGER PINOT GRIGIO
16724,750ML,REX GOLIATH CAB SAUV
10878,750ML,BERINGER FOUNDERS CAB SAUV
11337,750ML,R MONDAVI CHARD PRIVATE SELECT
26972,750ML,MURPHY GOODE CAB SAUV
15349,750ML,MIRASSOU PINOT NOIR SUN
18893,750ML,EDNA VALLEY CHARD
20614,1.5L,GLEN ELLEN CHARD
10035,750ML,HESS CHARD MONTEREY
14666,750ML,JORDAN CAB SAUV 
22512,750ML,J LOHR CHARD
13125,750ML,BOGLE PETITE SIRAH
18809,1.5L,BERINGER WHITE MERLOT
15068,1.5L,R MONDAVI WOODBRIDGE MERLOT
14230,750ML,RAVENSWOOD CAB SAUV VB
11785,750ML,L MARTINI CAB SAUV SONOMA
22016,750ML,TAMAS DOUBLE DECKER RED
16280,750ML,CLINE ZINFANDEL ANCIENT VINES
13106,750ML,F COPPOLA DIAMOND CLARET
26020,750ML,MERIDIAN CHARD
13728,750ML,FOLIE A DEUX MENAGEATROIS WHT
24003,750ML,CUPCAKE PINOT NOIR
17013,750ML,GNARLY HEAD ZIN OLD VINE
11630,750ML,LA CREMA PINOT NOIR SONOMA
14307,750ML,ST FRANCIS RED
13910,750ML,CLINE ZINFANDEL CALIFORNIA
17409,750ML,CH ST JEAN MERLOT CALIFORNIA
23601,750ML,KENDALL JACKSON CAB SAUV VR
16123,750ML,R MONDAVI PINOTNOIR PRIVSELECT
15082,750ML,F COPPOLA ROSSO CLASSIC
34617,1.5L,R MONDAVI WOODBRIDGE SAUV BLAN
5076,750ML,RAVENSWOOD ZEN OF ZIN
16725,750ML,REX GOLIATH MERLOT
2158,1.5L,BAREFOOT PINOT GRIGIO
25103,750ML,TRENTADUE OLD PATCH RED
4871,750ML,R MONDAVI MERITAGE PRIVATE SELECTION
24063,750ML,ARCHSTONE VINEYARDS CHARD NAPA
3599,750ML,INSATIABLE RED
23617,750ML,KENDALL JACKSON SAUV BLANC VR
80164,750ML,SEBASTIANI CHARD SONOMA
11485,1.5L,BAREFOOT CHARD
24074,750ML,REX GOLIATH FREE RANGE RED
23748,750ML,CUPCAKE PINOT GRIGIO
18504,750ML,BERINGER FOUNDERS PINOT NOIR
2070,1.5L,R MONDAVI WOODBRIDGE PINOT NOIR
12778,750ML,BERINGER CHARD NAPA
24915,750ML,CHIME PINOT NOIR CALIFORNIA
30358,750ML,SONOMA CUTRER CHARD SONOMA COAST
12017,750ML,BERINGER CHARD PRIVATE RESERVE
13588,750ML,REX GOLIATH CHARD
18810,750ML,BLACKSTONE CAB SAUV
10034,750ML,HESS CAB SAUV NORTH COAST
9553,750ML,CUPCAKE CAB SAUV
31271,750ML,SUTTER HOME WHITE ZINFANDEL
29916,750ML,RODNEY STRONG PINOT NOIR RUSSIAN RIVER
10126,1.5L,SUTTER HOME WHITE ZINFANDEL
25315,750ML,KITCHEN SINK RED
8078,1.5L,REX GOLIATH CAB SAUV
25316,750ML,KITCHEN SINK WHITE
30095,1.5L,ROUND HILL CHARD
14019,1.5L,CK MONDAVI CHARD
16891,750ML,BERINGER PINOT GRIGIO
15300,750ML,MIRASSOU CHARD SUN
6738,1.5L,R MONDAVI WOODBRIDGE CAB SAUV/MERLOT
36683,750ML,RAVENSWOOD CHARD VB
16093,750ML,BV COASTAL CABERNET SAUVIGNON
10326,750ML,R MONDAVI MERLOT PRIV SELECT
29926,750ML,RODNEY STRONG CHARD CHALK HILL
7520,750ML,OUR DAILY RED
19047,750ML,ESTANCIA CHARD
16086,750ML,STERLING VINTNERS CHARDONNAY
19287,750ML,FERRARI CARANO CHARD
80165,750ML,SEBASTIANI CAB SAUV SONOMA
2895,750ML,OZV LODI ZINFANDEL
19289,750ML,FERRARI CARANO FUME BLANC
15246,750ML,RODNEY STRONG MERLOT SONOMA
11095,750ML,RUTHERFORD RANCH CAB SAUV
22498,750ML,MCMANIS PETITE SIRAH
36682,750ML,RAVENSWOOD MERLOT VB
21176,750ML,HAHN CAB SAUV
19788,750ML,LANDER JENKINS CAB SAUV
10882,750ML,BERINGER FOUNDERS MERLOT
7582,750ML,HAHN PINOT NOIR MONTEREY
5536,750ML,KENDALL JACKSON SUMMATION RED
5229,750ML,REX GOLIATH ZIN
24418,750ML,KENDALL JACKSON CHARD AVANT
5305,750ML,MCMANIS PINOT NOIR
14789,750ML,CONUNDRUM WHITE
9128,750ML,LAYER CAKE CAB SAUV
29922,750ML,RODNEY STRONG SAUV BLANC CHARLOTTE'S
19397,750ML,FIRESTONE CHARD ESTATE
33615,1.5L,VENDANGE CAB SAUV
17297,750ML,BLACKSTONE PINOT NOIR
11332,1.5L,VENDANGE MERLOT
8079,1.5L,REX GOLIATH CHARD
19041,750ML,ESTANCIA CAB SAUV
11494,1.5L,BAREFOOT MERLOT
6641,750ML,BERINGER CHARD CALI
19228,750ML,SMOKING LOON PINOT NOIR
4625,750ML,INSATIABLE CAB SAUV
10075,750ML,HOGUE LATE HARVEST RIES
16450,750ML,R ZABACO ZIN DANCING BULL
19315,750ML,FETZER GEWURZTRAMINER VALLEY OAKS
1744,750ML,REX GOLIATH PINOT GRIGIO
14013,1.5L,CK MONDAVI CAB SAUV
8184,1.5L,R MONDAVI WOODBRIDGE CHARD LT OAK
11348,750ML,TOASTED HEAD CAB SAUV
31515,750ML,SIMI CHARD
7600,750ML,SHANNON RIDGE CAB SAUV
23611,750ML,KENDALL JACKSON MERLOT VR
35577,750ML,ROSENBLUM ZIN VINTERS XXX
26688,750ML,WINES THAT ROCK GRATEFUL DEAD RED
20455,750ML,CASTLE ROCK PINOT NOIR CUVEE
26892,187ML,RED TREE CHARD
24282,750ML,WHITEHALL LANE CAB SAUV GENERATIONS 3
16089,750ML,STERLING VINTNERS CABERNET SAUVIGNON
24071,1.5L,REX GOLIATH FREE RANGE RED
15226,750ML,SMOKING LOON CAB SAUV
8144,750ML,BERINGER CAB SAUV CALI
10604,750ML,CELLAR NO 8 CAB SAUV
22338,750ML,FOUR VINES ZINFANDEL OLD VINES
5251,750ML,INSATIABLE PINOT NOIR
22336,750ML,FOUR VINES CHARD NAKED
6318,750ML,F COPPOLA DIAMOND CAB SAUV
7639,750ML,ST FRANCIS CHARD WILD OAK
16287,750ML,CLOS DU BOIS CAB SAUV
21116,1.5L,GLEN ELLEN PINOT GRIGIO
22391,750ML,TOASTED HEAD UNTAMED RED
11486,1.5L,BAREFOOT CAB SAUV
15580,750ML,BERINGER FOUNDERS PINOT GRIGIO
26966,750ML,MURPHY GOODE MERLOT
15666,750ML,JOEL GOTT CAB SAUV
23362,750ML,LAYER CAKE CHARD
31156,750ML,SEGHESIO ZINFANDEL SONOMA
11098,750ML,SEBASTIANI PINOT NOIR SONOMA
12181,1.5L,COASTAL RIDGE CHARD
8080,1.5L,REX GOLIATH MERLOT
14736,750ML,AVALON CAB SAUV
15191,750ML,MIRASSOU CAB SAUV SUN
28009,750ML,PARDUCCI PINOT NOIR
20626,1.5L,GLEN ELLEN MERLOT
2911,750ML,CLINE CASHMERE
14309,750ML,CAMBRIA PINOT NOIR JULIA'S VINEYARD
25742,750ML,MCNAB RIDGE CAB SAUV
9555,750ML,CUPCAKE MERLOT
18108,750ML,F COPPOLA DIAMOND PINOT NOIR
18563,750ML,STERLING VINTNERS MERITAGE
35150,1.5L,CORBETT CANYON CHARD
1110,750ML,R ZABACO CAB SAUV DANCING BULL
23696,750ML,LYETH FLEUR DE LYETH RED
24065,750ML,ARCHSTONE VINEYARDS PINOT NOIR CARNEROS
19300,750ML,FETZER CAB SAUV VALLEY OAKS
11507,750ML,GUENOC VICTORIAN CLARET
15010,750ML,CLINE VIOGNIER
4569,1.5L,LIBERTY CREEK CAB SAUV
20609,1.5L,GLEN ELLEN CAB SAUV
11495,750ML,ESTANCIA PINOT NOIR
4568,1.5L,LIBERTY CREEK CHARD
24001,750ML,PREDATOR ZIN OLD VINES
16332,750ML,CLOS DU BOIS PINOT NOIR
19729,750ML,FRANCISCAN CHARD NAPA
13050,750ML,BLACKSTONE CHARD MONTEREY
13073,750ML,CRANE LAKE CHARD
23614,750ML,KENDALL JACKSON PINOT NOIR VR
35576,750ML,ROMBAUER CHARDONNAY
25477,750ML,FLIPFLOP PINOT GRIGIO
11096,750ML,RUTHERFORD RANCH CHARD
3118,750ML,MCMANIS ZIN
27053,750ML,ZELLERBACH CAB SAUV
18799,1.5L,GALLO FAMILY CAB SAUV
11024,750ML,RAVENSWOOD ZIN LODI
16329,750ML,CLOS DU BOIS MERLOT
11878,750ML,MARTIN RAY PINOT NOIR ANGELINE RESERVE
9669,750ML,FOLIE A DEUX MENAGEATROIS CHARD
21534,750ML,BV CENTURY CELLARS CAB SAUV
19868,1.5L,CORBETT CANYON PINOT GRIGIO
19294,750ML,J LOHR MERLOT
19345,750ML,FETZER CHARD VALLEY OAKS
13983,1.5L,STONE CELLARS CAB SAUV
12185,1.5L,CORBETT CANYON MERLOT
24931,750ML,POSH RED
15917,750ML,BV COASTAL CHARDONNAY
12368,1.5L,R MONDAVI WOODBRIDGE PINOT GRIGIO
18803,1.5L,GALLO FAMILY CHARD
21299,750ML,CLINE RED TRUCK RED
12716,750ML,FREI BROTHERS CHARD
12886,750ML,BERINGER FOUNDERS ZINFANDEL
35433,750ML,LAUREL GLEN RED'S
24171,750ML,THE PINOT PROJECT PINOT NOIR
285,750ML,CRANE LAKE SANGIOVESE
15213,750ML,SMOKING LOON MERLOT
13117,750ML,BOGLE CAB SAUV
22053,750ML,MCMANIS VIOGNIER
18808,750ML,BERINGER WHITE MERLOT
15266,750ML,SOUVERAIN CHARD
10992,750ML,COLUMBIA CREST GRAND ESTATE SHIRAZ
26210,750ML,MCMANIS MALBEC
7373,750ML,LA FAMIGLIA MERLOT
10648,750ML,CELLAR NO 8 MERLOT
12102,750ML,BIG HOUSE RED
5641,750ML,INSATIABLE PETITE SIRAH
10453,750ML,MCMANIS SYRAH
18555,750ML,F COPPOLA DIAMOND CHARD
15264,750ML,SOUVERAIN CAB SAUV
4570,1.5L,LIBERTY CREEK MERLOT
35673,1.5L,VENDANGE SAUV BLANC
18006,750ML,SILVER OAK CAB SAUV ALEXANDER VALLEY
8739,750ML,CABLE CAR RED
15223,750ML,SMOKING LOON CHARD
14817,1.5L,NATHANSON CREEK CHARD
25558,750ML,BERINGER RED MOSCATO CALIFORNIA
8181,750ML,MIRASSOU PINOT GRIGIO
9801,750ML,CELLAR NO 8 PINOT NOIR
4626,750ML,INSATIABLE MERLOT
6477,750ML,GNARLY HEAD CAB SAUV
9665,1.5L,BERINGER MOSCATO CALI
25472,750ML,FLIPFLOP CHARDONAY
15084,750ML,F COPPOLA BIANCO PINOT GRIGIO
8081,1.5L,REX GOLIATH PINOT GRIGIO
12570,750ML,F COPPOLA DIAMOND MERLOT
25612,750ML,MCNAB RIDGE FRED'S RED
20870,750ML,MIDDLE SISTER PINOT GRIGIO
18985,750ML,ANTICIPATION RED
5394,750ML,RODNEY STRONG CAB SAUV ALEX VALLEY
34626,1.5L,R MONDAVI WOODBRIDGE ZINFANDEL
15274,750ML,MIRASSOU MERLOT SUN
13780,750ML,CLOS DU BOIS PINOT GRIGIO
35264,750ML,F PARKER CHARD
9664,750ML,BERINGER MOSCATO CALIFORNIA
10658,750ML,CELLAR NO 8 ZINFANDEL
26478,750ML,CONUNDRUM RED
8792,750ML,MAGNESS CAB SAUV NAPA
15740,750ML,MCMANIS PINOT GRIGIO
20833,750ML,MIDDLE SISTER RED
10111,1.5L,SUTTER HOME CHARD
24933,750ML,BENZIGER CHARD CARNEROS
12728,750ML,BENZIGER CAB SAUV
10108,750ML,SUTTER HOME CAB SAUV
24916,750ML,BIG HOUSE CAB SAUV
20846,750ML,MIDDLE SISTER CAB SAUV
1431,750ML,TAMAS PINOT GRIGIO
25844,750ML,PRIMAL ROOTS RED BLEND
23217,750ML,THE NAKED GRAPE PINOT GRIGIO
6098,750ML,BUENA VISTA CHARD RAMAL  VINEYARD
14362,1.5L,CRANE LAKE CHARD
13473,750ML,MARK WEST CHARD CENTRAL COAST
9271,750ML,BRAMBLEWOOD OLD VINE ZINFANDEL LODI
5643,750ML,BIG HOUSE SYRAH SLAMMER
7372,750ML,LA FAMIGLIA CAB SAUV
11983,750ML,LUNA VINEYARDS PINOT GRIGIO
19602,750ML,BERINGER FOUNDERS SYRAH
29027,750ML,R MONDAVI CAB SAUV NAPA
12182,750ML,GUENOC CAB SAUV CALIFORNIA
9025,1.5L,BAREFOOT MOSCATO
35649,750ML,GARNET PINOT NOIR CARNEROS
15769,1.5L,SUTTER HOME WHITE MERLOT
12829,750ML,PEDRONCELLI ZIN MOTHER CLONE
25908,750ML,BLOCK 949 CAB SAUV KNIGHTS VALLEY
27054,750ML,ZELLERBACH SAUV BLANC
19550,750ML,KENDALL JACKSON SAUV BLANC GR
15390,750ML,CH ST JEAN FUME BLANC
15435,750ML,CH STE MICHELLE CHARD
15428,750ML,CH STE MICHELLE CAB SAUV
16808,750ML,COLUMBIA CREST GRAND ESTATE CABERNET
13880,750ML,COLUMBIA CREST GRAND ESTATE CHARDONNAY
12394,750ML,COLUMBIA CREST TWO VIINES CABERNET SAUV
15469,750ML,CH STE MICHELLE RIESLING
15474,750ML,CH STE MICHELLE MERLOT
16824,750ML,COLUMBIA CREST GRAND ESTATE MERLOT
16811,750ML,COLUMBIA CREST TWO VINES CHARDONNAY
23828,750ML,FOURTEEN HANDS HOT TO TROT RED
6638,750ML,FOURTEEN HANDS CAB SAUV
10742,750ML,COLUMBIA CREST TWO VINES MERLOT
25959,750ML,COLUMBIA CREST GRAND ESTATE AMITAGE
14416,750ML,MAGNIFICENT WINE COMPANY HOUSE RED
7883,750ML,LEFT COAST CELLARS PINOT NOIR
5699,750ML,FOURTEEN HANDS MERLOT
22185,750ML,A TO Z PINOT NOIR
8444,750ML,COLUMBIA CREST H3 CABERNET SAUVIGNON
13876,750ML,CLOUDLINE PINOT NOIR
15483,750ML,CH STE MICHELLE SAUV BLANC
16823,750ML,COLUMBIA CREST TWO VINES RIESLING
7817,750ML,COLUMBIA CREST TWO VINES V10 RED
12929,750ML,RED DIAMOND MERLOT
6046,750ML,CHARLES SMITH RIESLING KUNG FU GIRL
24985,750ML,LULU B PINOT GRIGIO
24918,750ML,RASCAL PINOT NOIR
15460,750ML,CH STE MICHELLE GEWURZT
12916,750ML,RED DIAMOND CAB SAUV
2890,750ML,COLUMBIA CREST GRAND ESTATE RIESLING
13447,750ML,KING ESTATE PINOT GRIS
24984,750ML,LULU B PINOT NOIR
2120,750ML,PACIFIC RIM SWEET RIESLING
23829,750ML,FOURTEEN HANDS HOT TO TROT WHITE
6972,750ML,CHARLES SMITH MERLOT THE VELVET DEVIL
26875,750ML,CHATEAU SMITH CAB SAUV
1692,750ML,MAGNIFICENT WINE COMPANY HOUSE WHITE
10653,750ML,BENTON LANE PINOT NOIR
1503,750ML,STOLLER PINOT NOIR JV
18480,750ML,WILLAMETTE PINOT NOIR CLUSTER
10425,750ML,FIRESTEED PINOT NOIR
19493,750ML,COLUMBIA CREST TWO VINES MERLOT/CABERNET
25832,750ML,COYOTE CANYON DOWNTOWN RED
8446,750ML,COLUMBIA CREST H3 MERLOT
1619,750ML,CH STE MICHELLE CAB SAUV ESTATES INDIAN
12414,750ML,COLUMBIA CREST TWO VINES SHIRAZ
21694,750ML,HOGUE CHARD
23831,750ML,COLUMBIA CREST H3 LES CHEVAUX
25448,750ML,CHERRY HILL PINOT NOIR ESTATE
23827,750ML,COLUMBIA CREST TWO VINES PINOT GRIGIO
1625,750ML,COLUMBIA CREST GRAND ESTATE PINOT GRIGIO
14620,750ML,WILLAMETTE RIESLING
16820,750ML,COLUMBIA CREST TWO VINES GEWURZTRAMINER
13399,750ML,PACIFIC RIM DRY RIESLING
18786,750ML,HOGUE PINOT GRIGIO
10512,750ML,EOLA HILLS PINOT NOIR
80689,750ML,CH STE MICHELLE CHARD INDIAN 
25833,750ML,COYOTE CANYON DOWNTOWN WHITE
23022,750ML,PACIFIC RIM COLUMBIA RIESLING
3619,750ML,CLOUDLINE PINOT GRIS
8621,750ML,SCOTT PAUL PINOT NOIR LA PAULEE
8032,750ML,CHARLES SMITH SYRAH BOOM BOOM
8394,750ML,FOURTEEN HANDS CHARD
7818,750ML,COLUMBIA CREST TWO VINES V10 WHITE
10087,750ML,HEDGES CMS RED
18499,750ML,SOKOL BLOSSER EVOLUTION
21698,750ML,HOGUE SAUVIGNON BLANC
21705,750ML,HOGUE RIESLING
11588,750ML,WILLAMETTE PINOT GRIS
8109,750ML,PONZI PINOT GRIS
3647,750ML,CARLSON SWEET BABY RED
24986,750ML,LULU B CAB SAUV
20882,750ML,REX HILL PINOT NOIR
5285,750ML,CH STE MICHELLE RIESLING DRY
16827,750ML,COLUMBIA CREST TWO VINES SAUV BLANC
3764,750ML,A TO Z PINOT GRIS
23072,750ML,CH STE MICHELLE RIESLING HARVEST SELECT
10232,750ML,HOGUE RED TABLE WINE
8445,750ML,COLUMBIA CREST H3 CHARDONNAY
15053,750ML,RED DIAMOND SHIRAZ
25671,750ML,GIFFORD HIRLINGER STATELINE RED
26333,750ML,ROOTS PINOT NOIR LEROY
6943,750ML,GRATEFUL RED PINOT NOIR
23791,750ML,ERATH PINOT NOIR
11158,750ML,PLUM CREEK PALISADE RED
24726,750ML,FORIS FLY OVER RED
6971,750ML,CHARLES SMITH CHARD EVE
13499,750ML,COLUMBIA WINERY RIESLING CELLARMASTER'S
24805,750ML,ROUTESTOCK CELLARS PINOT NOIR
9728,750ML,BRANDBORG PINOT NOIR BENCHLANDS
27174,750ML,ZERBA BOWLUS HILLS SYRAH
19108,750ML,LULU B CHARD
11589,750ML,WILLAMETTE PINOT NOIR
18398,750ML,ILLAHE PINOT NOIR
10115,750ML,CH STE MICHELLE PINOT GRIS
25967,750ML,O'SHEA SCARBOROUGH CHARD DESOLATION
10577,750ML,COLORADO CELLARS PLUM
20954,750ML,TWO RIVERS RIESLING
12450,750ML,SNOQUALMIE RIESLING
21711,750ML,HOGUE MERLOT
26397,750ML,COYOTE CANYON TRES CRUCES
22865,750ML,JADOT BEAUJOLAIS VILLAGES
36630,750ML,GUIGAL COTES DU RHONE ROUGE
24073,750ML,LA VIEILLE FERME VENTOUX RED
25549,750ML,DE MACARD
22891,750ML,JADOT MACON VILLAGES
12372,750ML,DUBOEUF BEAUJOLAIS NOUVEAU
24083,750ML,CHATEAU MALMAISON
25544,750ML,DUBORY
26750,750ML,MOUTON CADET RED
18197,1.5L,JP CHENET CHARD
36897,750ML,DROUHIN CHARD LAFORET
23894,1.5L,JP CHENET GRENACHE-PINOT NOIR
24072,750ML,LA VIEILLE FERME LUBERON WHITE
13535,750ML,ANDEZON CDR
36624,750ML,PAUL JABOULET CDR PARALLELE 45 ROUGE
20901,750ML,DUBOEUF BEAUJOLAIS VILLAGES
18187,1.5L,JP CHENET CABERNET/SYRAH
7636,750ML,MOUEIX MERLOT ENCORE
25066,750ML,CERCIUS RED
22900,750ML,JADOT PINOT NOIR
22903,750ML,JADOT POUILLY FUISSE
1980,750ML,JOHANNA DE VIEUX CHATEAU CHAMPS DE MARS
1707,750ML,PINOT EVIL PINOT NOIR
26745,750ML,MOUTON CADET WHITE
1715,750ML,LA VIEILLE FERME VENTOUX ROSE
6809,750ML,HOB NOB PINOT NOIR
26727,750ML,HENRI DE VILLAMONT CREMANT DE BOURGOGNE
10176,750ML,JADOT CHARDONNAY
22009,750ML,LALANDE BORIE
15367,750ML,DROUHIN PINOT NOIR LAFORET
24724,750ML,CHATEAU PUECH-HAUT PRESTIGE
12206,750ML,B&G VOUVRAY
26269,750ML,CACHETTE COTES DU RHONE
7019,750ML,CHAPOUTIER BELLERUCHE ROUGE
25545,750ML,ALLIANCE
80704,750ML,PESQUIE VENTOUX TERRASSES
19841,750ML,FAT BASTARD CHARD
25546,750ML,CHATEAU NICOT BORDEAUX
23839,750ML,PLINCE
25824,750ML,GRAND VILLAGE
6807,750ML,HOB NOB CHARD
9564,750ML,LAFAGE COTE ESTE WHITE
22352,750ML,RED BICYCLETTE SYRAH
1232,750ML,DOM DE ROZETS COTES DU TRICA
23651,750ML,DOMAINE DU BOUSCAT LA GARGONE
208,750ML,TORTOISE CREEK PINOT NOIR
18312,750ML,PERRIN CDR ROUGE VILLAGE
26726,750ML,CLARKE BARON EDMOND DE ROTHSCHILD
12847,1.5L,LA VIEILLE FERME VENTOUX RED
1233,750ML,DOM DE COURON COTES DU RHONE 
10119,750ML,PENASCAL TEMPRANILLO
11635,750ML,PROTOCOLO TINTO
7597,750ML,DON RAMON GRENACHE/TEMPRANILLO
10918,750ML,BORSAO
29374,750ML,RENE BARBIER MEDITERRANEAN WHITE
9784,750ML,EVODIA OLD VINES GARNACHA
26894,750ML,BERONIA CRIANZA
27019,750ML,PALACIOS PETALOS BIERZO
8529,750ML,BITCH GRENACHE
16410,750ML,LAS ROCAS GARNACHA
35789,750ML,MARQUES DE CACERES CRIANZA
12009,750ML,LUZON JUMILLA
10903,750ML,VINA BORGIA
7886,750ML,VOLVER
26321,750ML,BULA MONTSANT
4905,750ML,TAPENA TEMPRANILLO
19384,750ML,CAPCANES MAS DONIS
6052,750ML,MONTEBUENA RIOJA RED
15653,750ML,BORSAO TRES PICOS GARNACHA
26998,750ML,RIO MADRE RIOJA
29373,750ML,RENE BARBIER MEDITERRANEAN RED
4459,750ML,TERRAI TEMPRANILLO
2311,750ML,GARNACHA DEL FUEGO
17098,750ML,PENASCAL SAUV BLANC
16919,750ML,LAN CRIANZA
4458,750ML,TERRAI GARNACHA
22228,750ML,CAMPOS REALES TEMPRANILLO
25955,750ML,OBALO RIOJA
23492,750ML,RIOJA VEGA
4460,750ML,TERRAI BLANCO MACABEO
23782,750ML,TARIMA MONASTRELL
4904,750ML,TAPENA GARNACHA
25619,750ML,NAVACON ANCIANO GRAN RESERVA 10 YR
24784,750ML,BERONIA RESERVA
3976,750ML,EL COTO RIOJA CRIANZA
21030,750ML,RAMON BILBAO CRIANZA
26634,750ML,DINASTIA VIVANCO CRIANZA RIOJA ROSSO
13857,750ML,BURGANS ALBARINO
5577,750ML,ATTECA OV GARNACHA
21285,750ML,HARVEYS BRISTOL CREAM
10880,750ML,CASA CASTILLO MONASTRELL
35790,750ML,MARQUES DE CACERES WHITE
26302,750ML,RAMON BILBAO CRIANZA RESERVA
26301,750ML,RIOJA VEGA MASSIMO RIOJA
33173,750ML,TORRES SANGRE DE TORO
16058,750ML,MARQUES DE CACERES DRY ROSE
26317,3L,CARMINA LUNA RED
26455,750ML,MONTECILLO CRIANZA
26276,750ML,TARIMA HILL MONASTRELL
11900,750ML,CAMPO VIEJO RISERVA
6731,750ML,GASCON MALBEC
24762,750ML,RESERVA DEL FIN DEL MUNDO MALBEC
5895,750ML,TILIA MALBEC
14502,750ML,ALAMOS MALBEC
11679,750ML,CATENA MALBEC
16906,1.5L,CONCHA Y TORO CAB/MERLOT FRONTERA
11229,1.5L,CONCHA Y TORO CHARD FRONTERA
18545,1.5L,CONCHA Y TORO MALBEC FRONTERA
16911,750ML,CONCHA Y TORO CAB SAUV DIABLO
14492,750ML,VERAMONTE CAB SAUV
14575,750ML,CONCHA Y TORO CARMENERE DIABLO
33271,750ML,TRAPICHE MALBEC OAK CASK
7646,750ML,LAYER CAKE MALBEC
2827,750ML,DONA PAULA MALBEC
10360,1.5L,CONCHA Y TORO MERLOT FRONTERA
2221,1.5L,CONCHA Y TORO CAB SAUV FRONTERA
7926,750ML,ALBERTI 154 MALBEC
9603,750ML,COLORES DEL SOL MALBEC
16053,750ML,SANTA RITA CARMENERE 120
24721,750ML,LOS VASCOS CAB SAUV
10962,1.5L,CONCHA Y TORO CARMENERE FRONTERA
14136,750ML,BODEGA NORTON MALBEC
9938,750ML,CONCHA Y TORO MALBEC DIABLO
2898,750ML,ROOT: 1 CAB SAUV
16026,750ML,FINCA EL PORTILLO MALBEC
9557,750ML,TILIA CAB SAUV
8124,750ML,VALENTIN BIANCHI NEW AGE WHITE
16921,1.5L,CONCHA Y TORO SAUV BLANC FRONTERA
12588,750ML,TERRAZAS MALBEC
1887,750ML,CRIOS MALBEC
30669,750ML,SANTA RITA CAB SAUV 120
4678,750ML,PUNTO FINAL MALBEC CLASSICO
1167,750ML,DURIGUTTI MALBEC
3699,750ML,CONO SUR PINOT NOIR
24760,750ML,BAGUALA MALBEC
6387,750ML,DISENO MALBEC
30671,750ML,SANTA RITA SAUV BLANC 120
5897,750ML,TILIA MALBEC/SYRAH
24983,750ML,LULU B MALBEC
18982,750ML,TRUMPETER MALBEC
19560,750ML,ALTOS MALBEC
6210,750ML,ZAMBA MALBEC
12090,750ML,CONCHA Y TORO MERLOT DIABLO
20545,750ML,BODEGA SALENTEIN MALBEC RESERVE
36376,750ML,CATENA CHARD
14382,750ML,VERAMONTE SAUV BLANC
1886,750ML,CRIOS TORRONTES
23751,750ML,ELSA MALBEC
3701,750ML,CONO SUR SAUV BLANC
12190,750ML,TRAPICHE CAB SAUV OAK CASK
22793,750ML,ROOT: 1 CARMENERE
30670,750ML,SANTA RITA CHARD 120
6185,750ML,SANTA EMA CARMENERE BARREL SELECT
16922,750ML,CONCHA Y TORO SAUV BLANC DIABLO
13218,750ML,MONTES CAB SAUV CLASSIC
12171,750ML,DONA PAULA MALBEC LOS CARDOS
24134,750ML,ZOLO MALBEC
8614,750ML,CONCHA Y TORO PINOT NOIR DIABLO
14501,750ML,ALAMOS CHARD
3702,750ML,CONO SUR CHARD
16660,1.5L,CONCHA Y TORO SHIRAZ FRONTERA
8887,750ML,MONTGRAS CARMENERE RESERVE
34094,750ML,WALNUT CREST MERLOT
24723,750ML,LOS VASCOS CHARD
19594,750ML,CONQUISTA MALBEC
34087,750ML,WALNUT CREST CAB SAUV
16910,750ML,CONCHA Y TORO CHARD DIABLO
12980,750ML,CASA LAPOSTOLLE CAB SAUV
1771,750ML,CRIOS ROSE
19012,750ML,TERRAZAS MALBEC RESERVA
21111,1.5L,YELLOW TAIL CHARD
20617,1.5L,YELLOW TAIL SHIRAZ
766,750ML,YELLOW TAIL CHARD
15284,1.5L,LINDEMANS CHARD BIN 65
28181,750ML,PENFOLDS SHIRAZ/CAB KOONUNGA HILL
24570,750ML,LINDEMANS CHARD BIN 65
16083,750ML,YELLOW TAIL SHIRAZ
21802,1.5L,YELLOW TAIL MERLOT
24566,750ML,LINDEMANS CAB SAUV BIN 45
3556,750ML,LAYER CAKE SHIRAZ
8775,750ML,RAVENSWOOD PETITE SIRAH VB
16555,750ML,YELLOW TAIL CAB SAUV
21110,1.5L,YELLOW TAIL CAB SAUV
15421,1.5L,LINDEMANS CAB SAUV BIN 45
11290,750ML,LINDEMANS PINOT NOIR BIN 99
18339,750ML,YELLOW TAIL MERLOT
30068,750ML,ROSEMOUNT SHIRAZ
1125,750ML,PENFOLDS SHIRAZ KOONUNGA HILL
14310,750ML,YELLOW TAIL PINOT GRIGIO
10580,1.5L,LINDEMANS SHIRAZ BIN 50
1126,750ML,PENFOLDS CAB SAUV KOONUNGA HILL
24567,750ML,LINDEMANS SHIRAZ BIN 50
28173,750ML,PENFOLDS CHARD KOONUNGA HILL
11000,750ML,LINDEMANS MERLOT BIN 40
15548,1.5L,LINDEMANS MERLOT BIN 40
20866,750ML,WOOP WOOP SHIRAZ
21803,1.5L,YELLOW TAIL SHIRAZ/CAB
21136,750ML,YELLOW TAIL SHIRAZ/CAB
6890,1.5L,YELLOW TAIL PINOT GRIGIO
3253,750ML,YELLOW TAIL PINOT NOIR/SHIRAZ
15705,1.5L,FOXHORN CHARD
10781,750ML,WOOP WOOP CAB SAUV
11028,1.5L,LINDEMANS PINOT GRIGIO BIN 85
15897,750ML,PENFOLDS CAB/MERLOT KOONUNGA HILL
694,1.5L,LINDEMANS SHIRAZ/CAB BIN 55
20437,750ML,YALUMBA SHIRAZ/VIOGNIER Y SERIES
20436,750ML,YALUMBA VIOGNIER Y SERIES
12927,750ML,BLACK OPAL CAB/MERLOT
12937,750ML,BLACK OPAL SHIRAZ
22072,1.5L,THE LITTLE PENGUIN CHARD
10052,750ML,YELLOW TAIL CAB/MERLOT
10479,1.5L,YELLOW TAIL CAB/MERLOT
24506,750ML,YELLOW TAIL MALBEC
15626,1.5L,FOXHORN CAB SAUV
692,1.5L,LINDEMANS CAB/MERLOT BIN 80
13352,750ML,YELLOW TAIL GRENACHE/SHIRAZ
34588,750ML,WOLF BLASS CHARD YELLOW
22000,750ML,THE LITTLE PENGUIN CHARD
25320,750ML,YELLOW TAIL MOSCATO
15461,750ML,PETER LEHMANN CLANCY'S GOLD
12378,1.5L,YELLOW TAIL GRENACHE/SHIRAZ
4776,750ML,LONGWOOD SHIRAZ MCLAREN VALE
7293,750ML,LINDEMANS PINOT GRIGIO BIN 85
30052,750ML,ROSEMOUNT CHARD
14226,1.5L,FOXHORN PINOT GRIGIO/CHARD
1227,750ML,YELLOW TAIL RIESLING
12155,750ML,JACOBS CREEK CHARD
340,750ML,LINDEMANS SHIRAZ/CAB BIN 55
26525,750ML,COLONIAL ESTATES EMIGRE
15709,1.5L,FOXHORN MERLOT
23886,1.5L,YELLOW TAIL PINOT NOIR/SHIRAZ
4850,750ML,RAZORS EDGE SHIRAZ
18510,750ML,D ARENBERG STUMP JUMP RED
24573,750ML,LINDEMANS SAUV BLANC BIN 95
693,1.5L,LINDEMANS CHARD/RIESLING BIN 70
20439,750ML,YALUMBA CHARD Y SERIES
12816,750ML,BLACK OPAL SHIRAZ/CAB
16978,1.5L,FOXHORN SHIRAZ
23239,750ML,DEAD LETTER OFFICE SHIRAZ
13909,750ML,JACOBS CREEK SHIRAZ RESERVE
2742,12OZ,BUD LIGHT SUITCASE CANS
2172,12OZ,COORS LIGHT LONGNECK 20PK
307,12OZ,COORS LIGHT SUITCASE CANS
2049,12OZ,BUD LIGHT 20PK LONGNECK
2741,12OZ,BUD SUITCASE CANS
2151,12OZ,KEYSTONE LIGHT 30PK CANS
2649,12OZ,PABST 30PK CANS
4697,12OZ,EXTRA GOLD 30PK CANS
2038,12OZ,BUSCH LIGHT 30PK CANS
209,12OZ,MILLER LITE SUITCASE **
2048,12OZ,BUD 20PK LONGNECK
2404,12OZ,NB FAT TIRE 12PK BOTTLES
2037,12OZ,BUSCH 30PK CANS
308,12OZ,COORS BANQUET SUITCASE 24PK
2171,12OZ,COORS BANQUET LONGNECK 20PK
2052,12OZ,MILLER LITE 20PK BOTTLES
2721,12OZ,BLUE MOON BELGIAN 12PK BTLS
1066,12OZ,MILLER HIGH LIFE 30PK CANS
19460,12OZ,NB DIG 12PK BOTTLES
23094,12OZ,ROLLING ROCK 30PK CANS
2030,12OZ,MILLER DRAFT 20PK LONGNECK
2025,12OZ,BUD LIGHT 12OZ  CAN 18PK
2737,16OZ,COORS LIGHT 16OZ CAN 18PK
2697,12OZ,DALES PALE ALE 12PK CANS
26377,12OZ,BATCH 19 6PK
2961,12OZ,NATURAL LIGHT 30PK CANS
24741,12OZ,NB RANGER IPA 12PK BOTTLES
3053,12OZ,BUD SELECT SUITCASE
4513,12OZ,KILLIAN RED 12PK BTL **
2719,12OZ,ODELLS 90 SHILLING 12PK
1091,12OZ,MICHELOB ULTRA 18PK BOTTLE
1025,12OZ,COORS LIGHT CANS 12PK
2081,12OZ,COORS LIGHT CAN 12OZ 18PK
8911,12OZ,BLUE MOON SAMPLER 12PK
210,12OZ,MILLER DRAFT SUITCASE
2427,12OZ,MILLER HIGH LIFE LIGHT 30PK CN
3047,12OZ,BUD SELECT 20PK BOTTLES
2079,12OZ,SIERRA NEVADA PALE ALE 12PK
25714,12OZ,MICHELOB ULTRA SUITCASE CANS
2889,12OZ,NB SUNSHINE WHEAT 12PK BTLS
2497,12OZ,KEYSTONE ICE 30PK
2209,12OZ,COORS LIGHT LONGNECK 12PK
7910,12OZ,ALASKAN AMBER 12PK
4679,12OZ,SAM ADAMS LAGER 12PK
2852,12OZ,MICHELOB ULTRA 18PK CANS
523,12OZ,BUD LIGHT 12PK CANS
9544,12OZ,PABST LIGHT 30PK CANS
275,12OZ,SHINER BOCK 12PK
2346,12OZ,BRIDGEPORT INDIA PALE 12PK
8785,12OZ,BUD ICE 30PK
7345,12OZ,NB FOLLY SAMPLER 12PK
20783,12OZ,WINTERFEST 6PK
27069,12OZ,BUD LIGHT PLATINUM 12PK BTLS
8951,12OZ,SAM ADAMS SUMMER 12PK
18960,12OZ,BLUE MOON SEASONAL 12PK
2024,12OZ,BUD 12OZ CAN 18PK
522,12OZ,BUD LIGHT 12PK LONGNECK
1829,12OZ,LEFTHAND MOUNTAIN MIXER 12PK
4178,12OZ,PABST 12PK CANS
2962,12OZ,NATURAL ICE 30PK CANS
22692,12OZ,DESCHUTES RED CHAIR 12PK
9407,12OZ,ODELLS 5 BARREL 12PK
2326,12OZ,MILLER LITE 18PK CANS
977,12OZ,COORS BANQUET CANS 12PK
3757,12OZ,SAM ADAMS SUMMER STYLE SAMPLER 12PK
7807,12OZ,BUD LIGHT LIME 12PK BTLS
511,12OZ,SESSIONS 12PK BOTTLES  
26110,12OZ,COLORADO NATIVE 12PK BOTTLES
9139,12OZ,SHOCKTOP 12PK BOTTLES
4989,12OZ,NB FAT TIRE 6PK BOTTLES
572,12OZ,BUD 12PK CANS
5614,16OZ,BUD LIGHT 16OZ  CAN 18PK
4979,12OZ,AVERY IPA 6PK BOTTLES
9159,12OZ,TOMMYKNOCKER MOTHERLODE 12PK
8934,12OZ,BRECKENRIDGE XMAS 6PK
3069,11OZ,MIKES SAMPLER 12PK
2849,12OZ,OLD CHUB SCOTTISH ALE 12PK CAN
9512,12OZ,BUD LIGHT LIME BTLS 18PK
7911,12OZ,ALASKAN SUMMER SEASONAL 12PK
2115,12OZ,NB 1554 BLACK ALE  6PK
2663,12OZ,SAM ADAMS LIGHT 12PK
2720,12OZ,ODELLS EASY WHEAT 12PK
24676,12OZ,SHINER SAMPLER 12PK
346,12OZ,BRECKENRIDGE AVALANCHE 12PK
23266,12OZ,SIERRA NEVADA TORPEDO IPA 12PK
3067,12OZ,DESCHUTES POND PALE 12PK
24088,12OZ,TRUMER PILS 12PK
26944,12OZ,MAMAS YELLA PILS 12PK
2470,12OZ,GD BREWER'S PICK 12PK
1087,12OZ,MICHELOB 18PK BOTTLE
19393,16OZ,COORS BANQUET 16OZ CAN 18PK
2353,12OZ,MILLER HIGH LIFE 12PK LONGNECK
8176,12OZ,NB FAT TIRE 12PK CAN
23714,12OZ,FULL SAIL IPA 12PK
1521,12OZ,NB SOMERSAULT 6PK
3066,12OZ,DESCHUTES BUTTE PORTER 12PK
23138,12OZ,LEFTHAND NITRO STOUT 6PK
2998,12OZ,PABST BLUE RIBBON 18PK BOTTLES
26991,16OZ,BUD LIGHT SUPER BOWL 15PK ALUM BTLS
4765,12OZ,JW DUNDEE HONEY BROWN 12PK BTL
1096,12OZ,MICHELOB AMBER BOCK 12PK BTL
2430,11OZ,MIKES HARD LEMONADE 12PK
2538,12OZ,MICHELOB ULTRA 12PK BTL
1030,12OZ,COORS LIGHT LONGNECK 6PK
2396,12OZ,MILLER LITE 12PK CANS
9513,12OZ,BUD LIGHT LIME CANS 18PK
571,12OZ,BUD 12PK LONGNECKS
2210,12OZ,COORS BANQUET LONGNECK 12PK
1090,12OZ,MICHELOB LIGHT 18PK BOTTLE
23713,12OZ,FULL SAIL AMBER 12PK
8201,12OZ,KONA LONGBOARD LAGER 12PK
10716,12OZ,GOSLINGS STORMY GINGER BEER 6PK
2092,12OZ,BRECKENRIDGE SAMPLER 12PK
9597,12OZ,BOULEVARD SAMPLER 12PK
526,12OZ,BUD LIGHT 6PK LONGNECK
4716,12OZ,MICHELOB 18PK CANS
4851,12OZ,BLUE MOON BELGIAN WHITE 6PK
23211,12OZ,NEW PLANET TREAD LIGHTLY ALE  6PK
24026,12OZ,AVERY IPA 6PK CANS
2808,12OZ,BOULDER SAMPLER 12PK
2751,12OZ,HENRY WEINHARD PRIV.RES 12PK
24807,12OZ,KONA VARIETY 12PK
3048,12OZ,HAZED & INFUSED 12PK BTLS
8950,12OZ,SAM ADAMS WINTER SAMPLER 12PK
2781,12OZ,BUSCH NA ALCOHOL FREE 12PK CN
59,12OZ,AVERY ELLIE'S BROWN 6PK
5057,12OZ,ODELLS 90 SHILLING 6PK
23137,12OZ,COLORADO NATIVE 6PK
2080,12OZ,COORS BANQUET 12OZ CAN 18PK
4855,12OZ,ODELLS IPA 6PK
2910,11OZ,MIKES LIMEADE 12PK
10773,16OZ,MILLER LITE ALUMINUM 9PK
9517,12OZ,ALASKAN IPA 12PK
2418,12OZ,MICHELOB LIGHT 18PK CAN
2622,11OZ,MIKES CRANBERRY LEMONADE 12PK
15694,12OZ,SESSIONS BLACK 12PK
2407,12OZ,MILLER LITE 12PK LONGNECK
10502,12OZ,SKA MODUS HOPERANDI 6PK CANS
5613,16OZ,BUD 16OZ CAN 18PK
5830,12OZ,BIG SKY MONTANA MIXER 12PK
1121,12OZ,BIG SKY MOOSE DROOL 12PK BOTTLES
24034,16OZ,COORS LIGHT ALUMINUM BOTTLE 9PK
2091,12OZ,WOODCHUCK VARIETY 12PK
27258,16OZ,DEVIANT DALES IPA 4PK
1024,12OZ,COORS LIGHT CANS 6PK
2813,12OZ,STONE IPA 6PK
2451,12OZ,AVERY WHITE RASCAL 6PK BOTTLES
7550,12OZ,WILD BLUE BLUEBERRY 6PK
8503,12OZ,WIDMER VARIETY 12PK
27070,12OZ,BUD LIGHT PLATINUM  6PK BTLS
2956,12OZ,CORONA EXTRA LOOSE 24 PK BOTTLES
2748,11OZ,STELLA ARTOIS 12PK
8767,11OZ,STELLA ARTOIS LOOSE 24PK
202,12OZ,HEINEKEN LOOSE BOTTLES 24PK
7071,15OZ,GUINNESS PUB 18PK CANS
2968,12OZ,CORONA LIGHT LOOSE 24PK BTLS
2197,12OZ,NEWCASTLE BROWN ALE 12PK
1043,12OZ,CORONA EXTRA 12PK BOTTLES
4,12OZ,PACIFICO 12 PK
2357,12OZ,PILSNER URQUELL 12PK
4472,12OZ,NEGRA MODELO 12PK
25003,12OZ,TECATE SUITCASE CANS
2689,11OZ,GUINNESS PUB DRAUGHT 12PK BTL
2146,12OZ,DOS XX AMBER 12PK
1401,12OZ,SMITHWICKS 12PK
2147,12OZ,DOS XX LAGER 12PK
2657,12OZ,HEINEKEN LIGHT 6PK BOTTLE
2001,12OZ,HARP LAGER 12PK BTLS
309,12OZ,CORONA LIGHT 12PK BOTTLES
8055,11OZ,HOEGAARDEN 12PK
2438,12OZ,MODELO ESPECIAL 12PK BTLS
1665,12OZ,HEINEKEN 12PK BTL
2655,11OZ,RED STRIPE 12PK
314,12OZ,BECKS 12PK BTLS
22595,12OZ,MODELO ESPECIAL SUITCASE CANS
1044,12OZ,CORONA 6PK BTLS
5048,12OZ,WARSTEINER SUITCASE
4274,12OZ,ST PAULI REG.12PK BTL **
7346,12OZ,GUINNESS EXTRA STOUT 12PK
106,12OZ,AMSTEL LIGHT 12PK BTL **
1661,12OZ,HEINEKEN 12PK CANS
2365,11OZ,STELLA ARTOIS 6PK
27012,12OZ,GUINNESS BLACK LAGER 12PK
2216,15OZ,GUINNESS PUB DRAUGHT 8PK CANS
282,12OZ,BASS ALE 12PK BTLS
25197,15OZ,STELLA ARTOIS 14.9OZ CANS 10PK
1573,12OZ,BECKS NON-ALCOHOLIC 6PK
3860,12OZ,TECATE 12PK CANS
2337,12OZ,MOLSON CANADIAN 12PK BTL
6143,12OZ,PERONI 12PK
100,11OZ,WARSTEINER 12PK BTLS **
1971,12OZ,LABATTS BLUE 12PK CAN
4011,12OZ,KOKANEE  12PK
2660,12OZ,TECATE 18PK CANS
2658,12OZ,HEINEKEN LIGHT 12PK BOTTLE
2505,11OZ,GUINNESS PUB DRAUGHT 6PK BTL
9202,12OZ,TECATE 20PK BOTTLES
312,12OZ,BECKS 12PK CAN
6962,7OZ,CORONITA PARROT 7OZ 24PK
27626,12OZ,BEERS OF MEXICO LOOSE 24 PACK
4401,12OZ,GROLSCH 12PK BTL
2434,11OZ,WARSTEINER DARK 12PK
2607,11OZ,PAULANER HEFE-WEIZEN 12PK
4813,12OZ,MODELO ESPECIAL 12PK CANS
1664,12OZ,HEINEKEN 6PK BTL
4227,7OZ,CORONITA  6PK
2560,12OZ,NEWCASTLE BROWN ALE 6PK BTL
1046,12OZ,CORONA LT. 6PK BTLS ***
7554,12OZ,CORONA EXTRA 12PK CANS
2142,12OZ,MOOSEHEAD 12PK BTLS
3031,12OZ,SMITHWICKS 6PK
2635,12OZ,STRONGBOW CIDER 6PK BTL
194,12OZ,BECKS DARK 12PK BTL
25161,12OZ,VICTORIA 12PK
2189,12OZ,SOL 12PK BTLS
9905,12OZ,CORONA LIGHT 12PK CANS
1566,12OZ,GUINNESS EXTRA STOUT 6PK
7456,12OZ,NEGRA MODELO 6PK BTL
4660,16OZ,BODDINGTON PUB CANS 4PK
4357,16OZ,BITBURGER 16OZ CANS 4PK
2626,12OZ,MOLSON CANADIAN 12PK CAN
1564,15OZ,GUINNESS PUB DRAUGHT 4PK CANS
2967,12OZ,PILSNER URQUELL 6PK BTL
3097,11OZ,RED STRIPE 6PK
1332,12OZ,FOSTERS 12PK BTLS
4218,12OZ,CARLSBERG ELEPHANT 6PK
1199,12OZ,DOS XX LAGER 6PK
2780,12OZ,ST PAULI DARK 12PK BTL
1642,12OZ,HARP LAGER 6PK BTLS
4277,12OZ,ST PAULI NA 6PK BTL
26654,12OZ,LEFFE BROWN 6PK
2914,12OZ,PERONI 6PK
7455,12OZ,MODELO ESPECIAL 6PK BTL
2487,11OZ,LEFFE BLONDE 6PK
1197,12OZ,DOS XX AMBER 6PK
3593,12OZ,SPATEN PREMUIM 6PK BTL
105,12OZ,AMSTEL LIGHT 6PK BTL
7265,12OZ,TECATE LIGHT 12PK CAN
3029,12OZ,TSING-TAO 12PK
311,12OZ,BECKS 6PK BTLS
4261,12OZ,PACIFICO 6PK
2473,12OZ,MOOSEHEAD 12PK CANS
1861,12OZ,KALIBER 6PK
2077,11OZ,PAULANER SALVATOR 6PK
2665,12OZ,PAULANER OKTOBERFEST 12PK
25507,12OZ,DOS XX CANS LAGER CANS
2044,11OZ,HOEGAARDEN 6PK
3289,12OZ,SAPPORO DRAFT 6PK
24648,12OZ,BITBURGER 12PK BOTTLES
4226,12OZ,CLAUSTHALER 6PK
