"1-RODVMP","Rode VideoMic Pro"
"1025A","Canon 10x25A Binocular"
"1100DBB","Canon EOS 1100D Body Only Black Digital SLR Camera"
"1100DKB","Canon EOS 1100D w/18-55mm Lens Digital SLR Camera"
"1100DKISB","Canon EOS 1100D w/18-55mm IS Lens Digital SLR Camera"
"1100DKISGY","Canon EOS 1100D Grey w/18-55mm IS Lens Digital SLR Camera"
"1100DTKB","Canon EOS 1100D Black w/18-55mm & 75-300mm Lenses Digital SLR Camera"
"1100DTKISB","Canon EOS 1100D Black w/18-55mm & 55-250mm IS Lenses Digital SLR Camera"
"1100DTKISGY","Canon EOS 1100D Grey w/18-55mm & 55-250mm IS Lenses Digital SLR Camera"
"1114346","Premier TFK-3300CC Complete Studio Flash Kit"
"1114347","Premier SSK-2200F Studio Lighting Kit"
"12-0150","Bushnell Legacy 10x50 Binoculars"
"12-0842","Bushnell Legacy 8x42 Binoculars"
"12-1225","Bushnell Legacy 10-22x50 Binoculars"
"133815","Olympus 8x42 EXWP I Binoculars"
"133846","Olympus 8x42 EXPS I Binoculars"
"133853","Olympus 10x42 EXPS I Binocular"
"134119","Olympus 8x25 PC I Binoculars"
"135840","Olympus 7x21 PC III Binoculars"
"137424","Olympus 8x25 WP I Binoculars"
"140837","Olympus 8x40 DPS I Binoculars"
"140868","Olympus 10x50 DPS I Binoculars"
"14749K1","Pentax K-5 w/18-55mm WR Lens Digital SLR Camera"
"14791","Pentax K-R Pink w/18-55mm Lens Digital SLR Camera"
"147973","Olympus ME-15 Microphone"
"15074","Pentax Q w/8.5mm Lens Black Compact Pro Camera"
"15223","Pentax K-01 Body Only Black Compact Systems Camera"
"15243","Pentax K-01 w/ DA 40mm Lens Black Compact Systems Camera"
"15263","Pentax K-01 w/ DA 18-55mm Lens Black Compact Systems Camera"
"15343","Pentax K-01 w/ DA 40mm Lens Yellow Compact Systems Camera"
"154544","Olympus 35mm macro lens EM-3535 Lens"
"154568","Olympus 18-180mm f3.5-6.3 tele EZ-1818 Lens"
"154582","Olympus EF 8mm f/3.5 Fisheye Lens"
"155947","Olympus EP-5 Eyecup Accessories"
"156678","Olympus MF-1 OM Adaptor Accessories"
"158191","Olympus EZ-1442 14-42mm f/3.5-5.6 Zoom Lens"
"158207","Olympus 40mm-150mm f/4-5.6 Zoom Lens"
"158894","Olympus PS-BLS1 Battery"
"160521","Olympus 50-200mm SWD EZ-5020-2 Lens"
"160538","Olympus 70-300mm tele lens EZ-7030 Lens"
"160767","Olympus FL-50R System Flash Suits E3/E5/ E-PL1"
"160798","Olympus FL-36R System Flash"
"164130","Olympus 9-18mm f4-5.6 EZ-0918 Ultra wide zoom lens"
"167063","Olympus EZ-14-54-II f2.8-3.5 Lens"
"16928","Pentax Optio WG-1 Black Digital Compact Camera"
"169944","Olympus EW-M1728 17mm f2.8 Lens Silver"
"170001","Olympus FL-14 External Flash To suit E-P1"
"170056","Olympus VF-1 Viewfinder for 17mm f2.8"
"170087","Olympus MF-2 OM Lens Adapter"
"171862","Olympus VF-2 Viewfinder Black"
"173101","Olympus VF-2 Viewfinder Gold Viewfinder"
"173354","Olympus PEN MCON-P01 Lens Macro Converter"
"174306","Olympus CSCH-70 Black Pouch Neoprene"
"174313","Olympus CSCH-70 Blue Pouch Neoprene"
"174535","Olympus Pen-M 9-18mm Lens"
"174634","Olympus SEMA-1 Mic Accessory"
"174641","Olympus MMF-2 Lens Adapter"
"175075","Olympus PEN 14-150mm Lens"
"175853","Olympus XZ-1 Black Digital Compact Camera"
"175877","Olympus XZ-1 White Digital Compact Camera"
"176348","Olympus E-5 Body Only Digital SLR Camera"
"176386","Olympus PEN M.ZUIKO ED 75-300 F4.8-6.7 Lens"
"176850","Olympus PEN PP-1 PENPAL Bluetooth Device"
"176881","Olympus PEN WCON-P01 Lens Wide Converter"
"176942","Olympus PEN FCON-P01 Lens Fisheye Converter"
"176973","Olympus PEN E-PL2 Twin Kit w/14-42mm & 40-150mm Lens Silver Compact Pro Camera"
"177048","Olympus PEN E-PL2 10x Zoom w/14-150mm Lens Compact Pro Camera"
"177093","Olympus PEN 3CON-P01 Lens Converter Kit"
"177123","Olympus PEN MAL-1 Macro Arm Light"
"177161","Olympus PT-EP03 Underwater Housing E-PL2"
"177222","Olympus EW-M1728 17mm f2.8 Black Lens"
"177253","Olympus BLM-5 Battery For E series"
"177512","Olympus TG-810 Silver Digital Compact Camera"
"177536","Olympus VR-310 Silver Digital Compact Camera"
"177543","Olympus VR-310 Black Digital Compact Camera"
"177918","Olympus PT-050 Underwater Housing XZ-1"
"177970","Olympus PS-BLS5 Battery"
"177994","Olympus SBLS-5 Li-ion Battery Charger"
"178021","Olympus SZ-10 Black Digital Compact Camera"
"178281","Olympus CSCH-84 Case Bag"
"178533","Olympus CS-25 Leather Case"
"178731","Olympus CSCH-93 Silicon Jacket TG-810"
"178748","Olympus CSCH-94 Silicon Jacket TG-610"
"178755","Olympus CSCH-95 Silicon Jacket TG-310"
"178762","Olympus PT-051 Underwater Housing suits TG610/TG810"
"190XB.804","Manfrotto 190XB.804 Pro Tripod w/ 804RC Head"
"190XPROB.804","Manfrotto190XPROB/804RC2 Head Tripod"
"1RODVM","Rode Video Microphone"
"214066","Olympus 50mm f2 macro EM-5020 Lens"
"270EXII","Canon 270EX II Speedlite Flash"
"320EX","Canon 320EX Speedlite Flash unit"
"322RC2","Manfrotto 322RC2 Head"
"3320739","Tamrac Aero Zoom 20 Bag"
"3444010","Tamrac Rally 4 Black Bag"
"39067","Pentax D-LI109 Battery"
"39774","Pentax D-LI88 Battery"
"39830","Pentax D-LI90 Battery"
"39863","Pentax D-LI106 Battery"
"400157","Tamron SP AF 90mm Canon f/2.8 Macro Di Lens"
"400207","Tamron AF 18-200mm f3.5-6.3 XR Di II LD Aspherical (IF) Canon Lens"
"400277","Tamron 10-24mm Di II LD Canon f/3.5-4.5 Lens"
"400278","Tamron 10-24mm Di II LD Nikon f/3.5-4.5 Lens"
"400290","Tamron SP AF 60mm f/2.0 Di II LD Macro Nikon Lens"
"400295","Tamron 70-300mm USD Nikon f/4-5.6 Di-VC lens"
"400296","Tamron 70-300mm USD Canon f/4-5.6 Di VC Lens"
"400298","Tamron AF 18-270mm Canon f/3.5-6.3 Di II VC PZD Lens"
"400299","Tamron AF 18-270mm Nikon f3.5-6.3 DI II VC PZD Lens"
"400329","Tamron SP AF 90mm Nikon f/2.8 Macro Di Lens"
"400444","Tamron SP AF 17-50mm Canon f/2.8 XR Di II LD Lens"
"400485","Tamron SP AF 17-50mm Nikon f/2.8 XR Di II LD Lens"
"400489","Tamron AF 18-200mm f3.5-6.3 XR Di II LD Aspherical (IF) Nikon"
"4201927","Sigma 10-20mm Canon DC HSM f/4-5.6 AF EX Lens"
"4201955","Sigma 10-20mm Nikon DC HSM f/4.5-5.6 AF EX Lens"
"4203954","Sigma 8-16mm Canon DC HSM f/4.5-5.6 AF Lens"
"4203955","Sigma 8-16mm Nikon DC HSM f/4.5-5.6 AF Lens"
"430EXII","Canon 430EX II Speedlite Flash"
"4310954","Sigma 50mm Canon DG HSM f/1.4 AF EX Lens"
"4310955","Sigma 50mm Nikon DG HSM f/1.4 AF EX Lens"
"4548927","Sigma 24-70mm Canon DG Macro f/2.8 AF EX Lens"
"4589954","Sigma APO 70-200mm Canon Lens f/2.8 EX DG OS HSM"
"4589955","Sigma APO 70-200mm Nikon Lens f/2.8 EX DG OS HSM"
"4737954","Sigma 150-500mm Canon DG APO f/5-6.3 OS Lens"
"4737955","Sigma 150-500mm Nikon DG APO f/5-6.3 OS Lens"
"4738954","Sigma 50-500mm f4.5-6.3 DG OS Canon Mount Lens"
"4738955","Sigma 50-500mm f4.5-6.3 DG OS Nikon Mount Lens"
"4880954","Sigma 18-250mm Canon DC OS f/3.5-6.3 AF Lens"
"4880955","Sigma 18-250mm Nikon DC OS f/3.5-6.3 AF Lens"
"496RC2","Manfrotto 496RC2 Head"
"500000","Gorillapod GP1 Grey/Black Tripod"
"500050","Gorillapod SLR-Zoom Tripod"
"550100","Velbon Sherpa 600R Tripod"
"550870","Velbon VS-443D"
"5724011","Tamrac Zuma 4 Black Bag"
"5727011","Tamrac Zuma 7 Black Bag"
"5788010","Tamrac Evolution 8 Bag"
"5DBII","Canon EOS 5D Mark II Body Digital SLR Camera"
"5DIIIB","Canon EOS 5D Mark III Body Digital SLR Camera"
"5DIIIPK","Canon EOS 5D Mark III Kit w/EF24-105mm LIS Lens Digital SLR Camera"
"5DIIIPROK","Canon EOS 5D Mark III Kit w/EF24-70mm LIIU Lens Digital SLR Camera"
"5DIIPK","Canon EOS 5D Mark II Premium Kit w/24-105mm Lens Digital SLR Camera"
"600DB","Canon EOS 600D Body Only Digital SLR Camera"
"600DKIS","Canon EOS 600D w/18-55mm IS Lens Digital SLR Camera"
"600DSK","Canon EOS 600D w/18-135mm IS Lens Digital SLR Camera"
"600DTKIS","Canon EOS 600D Twin IS Kit w/18-55mm & 55-250mm IS Lenses Digital SLR Camera"
"600EX","Canon 600EX Speedlite Flash"
"60DB","Canon EOS 60D Body Digital SLR Camera"
"60DKIS","Canon EOS 60D w/18-55mm IS Digital SLR Camera"
"60DPK","Canon EOS 60D w/18-200mm IS Lens Digital SLR Camera"
"60DPLK","Canon EOS 60D w/EFS 15-85mm IS Lens Digital SLR Camera"
"60DTKIS","Canon EOS 60D Twin IS Kit w/18-55mm IS & 55-250mm IS Lenses Digital SLR Camera"
"65791","Pentax 8x40 XCF Binoculars"
"65792","Pentax 10x50 XCF Binoculars"
"65793","Pentax 16x50 XCF Binoculars"
"65794","Pentax 12x50 XCF Binoculars"
"670036","Lowepro Rezo 30 Black Camera Pouches"
"670037","Lowepro Rezo 20 Black"
"670039","Lowepro Rezo 15 Black"
"670070","Lowepro Rezo TLZ10 Black"
"670426","Lowepro Apex 10AW Black Camera Pouch"
"670427","Lowepro Apex 20AW Black Camera Pouch"
"670428","Lowepro Apex 30AW Black Case"
"670429","Lowepro Apex 60AW Gadget Bag"
"670439","Lowepro Apex 110AW Black Shoulder Bag"
"670441","Lowepro Apex 100 AW Black Shoulder Bag"
"678181","Lowepro Stealth Reporter D200AW Gadget Bag"
"678182","Lowepro Stealth Reporter D300AW Black Camera Bag"
"679877","Lowepro Rezo 110AW Black Shoulder Bag"
"680009","Lowepro Fastpack 350 Black Gadget Bag"
"680015","Lowepro Flipside 200 Black Gadget Bag"
"680075","Lowepro Nova 140AW Black Gadget Bag"
"680079","Lowepro Nova 160AW Black Gadget Bag"
"680081","Lowepro Nova 160AW Chestnut Brown Gadget Bag"
"680082","Lowepro Nova 160AW Blue Gadget Bag"
"680083","Lowepro Nova 170AW Black Gadget Bag"
"680087","Lowepro Nova 180AW Black Gadget Bag"
"680091","Lowepro Nova 190AW Black Gadget Bag"
"680120","Lowepro Flipside 400AW Black Gadget Bag"
"680175","Lowepro Volta 20 Black Camera Pouch"
"680191","Lowepro CompuDaypack Black Backpack"
"680225","Lowepro Volta 10 Black Camera Pouch"
"680460","Lowepro Versapack 200AW Grey Gadget Bag"
"680465","Lowepro Pro Runner 200AW Black Gadget Bag"
"680467","Lowepro Pro Runner 300AW Black Gadget Bag"
"680480","Lowepro Pro Runner 350AW Black Gadget bag"
"680482","Lowepro Passport Sling Black Gadget Bag"
"680483","Lowepro Passport Sling Mica Gadget Bag"
"680484","Lowepro Passport Sling Blue Gadget Bag"
"680492","Lowepro Geneva 30 Case"
"680524","Lowepro Volta 20 Red Camera Pouch"
"680529","Lowepro Slingshot 202AW Black Gadget Bag"
"680535","Lowepro Toploader 50AW Sea Blue Bag"
"680540","Lowepro Seville 20 Black Case"
"680541","Lowepro Seville 20 Blue Case"
"680542","Lowepro Seville 20 Red Case"
"680561","Lowepro Santiago 10 Camera Bag Black"
"680564","Lowepro Santiago 20 Black Camera Pouch"
"680567","Lowepro Santiago 30 Black Camera Pouch"
"680570","Lowepro Munich 100 Bag"
"680600","Lowepro Adventura Zoom 100 Gadget Bag"
"680608","Lowepro ILC Classic 50 Gadget Bag"
"680609","Lowepro ILC Classic 100 Gadget Bag"
"680630","Lowepro Orion 200 Daypack"
"680632","Lowepro Tahoe 10 Black Case"
"680633","Lowepro Tahoe 10 Blue Case"
"680642","Lowepro Photosport Sling 100AW Black Bag"
"680711","Lowepro Flipside 500AW Bag"
"680B","Manfrotto 680B Monopod"
"701HDV","Manfrotto 701HDV Head"
"713757123600","Wam Bam Case for GoPro Digital Video Camera"
"75367","FujiFilm FinePix F550 EXR Champagne Digital Compact Camera"
"75377","FujiFilm Finepix X10 Digital Compact Camera"
"75510","FujiFilm FinePix X100 Digital Compact Camera"
"75515","FujiFilm FinePix F550 EXR Black Digital Compact Camera"
"75718","FujiFilm T Series Compact Case"
"75769","FujiFilm X100 TTL Flash EF-42"
"75773","FujiFilm TTL Flash EF-20"
"75776","FujiFilm LC-X100 Leather Case"
"75777","FujiFilm J Series Soft Case"
"75809","FujiFilm FinePix X-S1 Compact Digital Camera"
"75900","FujiFilm FinePix F770 EXR Black Digital Compact Camera"
"75901","FujiFilm FinePix HS30 Digital Compact Camera"
"75903","FujiFilm FinePix JX500 Black Digital Compact Camera"
"75904","FujiFilm FinePix JX500 Pink Digital Compact Camera"
"75907","FujiFilm FinePix JZ100 Black Compact Digital Camera"
"75909","FujiFilm FinePix T400 Silver Compact Digital Camera"
"75910","FujiFilm FinePix S2980 Compact Digital Camera"
"75911","FujiFilm FinePix S4500 Compact Digital Camera"
"75912","FujiFilm FinePix S4200 Compact Digital Camera"
"75913","FujiFilm FinePix SL300 Compact Digital Camera"
"75914","FujiFilm FinePix XP150 Black Digital Compact Camera"
"75915","FujiFilm FinePix XP150 Silver Digital Compact Camera"
"75916","FujiFilm FinePix XP150 Orange Digital Compact Camera"
"75917","FujiFilm FinePix XP150 Blue Digital Compact Camera"
"75918","FujiFilm FinePix XP150 Green Digital Compact Camera"
"75919","FujiFilm FinePix JZ100 Purple Compact Digital Camera"
"78-5020","Bushnell 20x50 Compact Spotting Scope"
"78-7345","Bushnell 15-45x50 Spotting Scope"
"785B","Manfrotto 785B Tripod"
"791076","Nikon D90 w/18-105mm VR Lens Digital SLR Camera"
"791110","Nikon D3100 w/18-55mm VR Lens"
"791121","Nikon D7000 w/18-105mm VR Lens Ultimate Kit Digital SLR Camera"
"791122","Nikon D7000 w/18-200mm VR II Lens Digital SLR Camera"
"791130","Nikon D5100 18-55VR Digital SLR"
"791140","Nikon D3200 18-105mm VR Black Digital SLR Camera"
"791141","Nikon D3200 18-105mm VR Red Digital SLR Camera"
"79700","FujiFilm NP45A Battery"
"7DAK","Canon EOS 7D Premium Kit w/ EF-S 18-200mm IS Lens Digital SLR Camera"
"7DB","Canon EOS 7D Body Only Digital SLR Camera"
"7DPLK","Canon EOS 7D Platinum Kit w/EF-S 15-85mm IS USM Lens Digital SLR Camera"
"8076077","Pinnacle Studio 15 HD Retail Software"
"8076085","Pinnacle Studio 15 HD Ultimate Retail Software"
"8076093","Pinnacle Studio HD Ultimate Collection Retail Software"
"8076173","Pinnacle 15HD Ultimate OEM Software"
"8096377","Kaiser Baas Photo Maker Pro"
"8101164","Kaiser Baas DVD Maker"
"8101199","Kaiser Baas Photo Touch Maker"
"8101498","Kaiser Baas Digital Microscope"
"8104154","Kaiser Baas Mini Photo Scanner"
"8114580","Kaiser Baas Sports Camera"
"8114598","Kaiser Baas Car Camera"
"8121237","Adobe Photoshop Elements 10 Software"
"8121384","Adobe Premiere Elements 10 Software"
"8121421","Adobe Photoshop Elements 10 & Premier Elements 10 Software"
"8127129","Kaiser Baas Mini Camera"
"8128519","Pinnacle Dazzle Video Creator Platinum HD Retail"
"8128535","Pinnacle Dazzle DVD Recorder HD Retail"
"8152383","Kaiser Baas A4 600DPI Photo Scanner"
"8152640","Kaiser Baas iPad Photo Scanner"
"8155672","Adobe Photoshop Lightroom 4 Student/Teacher Edition Software"
"8164413","Adobe Photoshop Creative Suite 6 Mac Software"
"8164421","Adobe Photoshop Creative Suite 6 Windows Software"
"84502","FujiFilm Instax Mini Film Single Pack (10pack)"
"84518","FujiFilm Instax 7S Instant Camera Blue"
"850091","Nikon D3100 w/18-55mm & 55-300mm VR Lenses Digital SLR Camera"
"850103","Nikon D7000 w/18-105mm VR & 55-300mm VR Lenses Digital SLR Camera"
"850110","Nikon D5100 w/ 18-55 and 55-200 VR Kit Digital SLR Camera"
"850111","Nikon D5100 w/18-55mm & 55-300mm VR Kit Digital SLR Camera"
"850120","Nikon D3200 18-55 & 55-300 Black VR Twin Kit Digital SLR Camera"
"850121","Nikon D3200 18-55 & 55-300 Red VR Twin Kit Digital SLR Camera"
"855000","Nikon Video Kit for D5100"
"A30629","Olympus WS-650S Voice Recorder"
"A30681","Olympus WS-750M Voice Recorder"
"AA-VG1","JVC AA-VG1 Charger"
"ABU-05300B","Polaroid 2 Camera Battery"
"ABU-10011B","Polaroid Pogo Printer Battery"
"ATC3K","Oregon Scientific ATC3K Helmet Camera"
"ATC9K","Oregon Scientific ATC9K Helmet Camera"
"AZU-01011BE","Polaroid PoGo Printer Media Photo Paper Single Pack"
"AZU-03011BEV2","Polaroid PoGo Printer Media Photo Paper Triple Pack"
"B-ATC9K","Oregon Scientific B-ATC9K Battery"
"BAA385EA","Nikon Travelite V 10x25 Binoculars"
"BAA633EA","Nikon Sprint IV 10x21 Binoculars"
"BAA651AA","Nikon Action 8x40 CF Binoculars"
"BAA653AA","Nikon Action 10x50 CF Binoculars"
"BAA654AA","Nikon Action 12x50 CF Binoculars"
"BAA657AA","Nikon Action 10-22x50 CF Binoculars"
"BAA681AA","Nikon Sportlite 10x25D CF Black Binoculars"
"BAA690AA","Nikon Eagleview 8-24x25 Binoculars"
"BAA706AA","Nikon Travelite EX 10x25 CF Binoculars"
"BAA711AA","Nikon Sportstar 10x25 DCF Silver Binoculars"
"BAA761AC","Nikon Monarch 10x42 Binoculars"
"BAA762AC","Nikon 12x42 Monarch (Series 1) Binoculars"
"BAA780AB","Nikon Travelite VI 8x25CF Binoculars"
"BAA781AB","Nikon Travelite VI 10x25 CF Binoculars"
"BAA782AB","Nikon Travelite VI 12x25 CF Binoculars"
"BGE5","Canon BG-E5 Battery Grip"
"BGE6","Canon BG-E6 Battery Grip for 5DMII"
"BGE7","Canon BG-E7 Battery Grip"
"BGE8","Canon BG-E8 Battery Grip Suits 550D"
"BGE9","Canon BG-E9 Battery Grip Suit 60D"
"BN-VG121","JVC BN-VG121 Battery"
"CFS-08","DVD SLR Course 6 Disc Educational Material"
"CFS-09","DVD Photoshop Course"
"CFS-11","DVD DSC Course 2 Disc Educational Material"
"CFS-12","Ultimate Video Camera Course"
"CFS-13","DVD Introduction Course on Photoshop Elements Educational Material"
"CI-PFS200","Digitalk 3 in 1 Combo Photo/Negative Film/Silde Scanner"
"CM-MOLE","Mole Wireless IP Camera"
"CP800","Canon Selphy CP800 Printer"
"CPELS","Sony Portable USB Charger For iPhone,Android,Smart Phone"
"CZA-05300B","Polaroid 2 Black Instant Camera"
"CZA-10011B","Polaroid Pogo Black Instant Inkless Printer"
"D20BL","Canon PowerShot D20 Blue Digital Compact Camera"
"D5100TRIPKIT","Nikon D5100 Triple Kit w/ 18-55mm, 55-300mm, 35mm Lenses EN-EL15 Battery & Lowepro Bag"
"DCRSX65S","Sony DCRSX65 Silver Digital Video Camera"
"DDFLOAT-JFISH","Delkin Jellyfish"
"DDMOUNT-AC-QKRLS","Fat Gecko Quick Release Base & Plate Mount"
"DDMOUNT-MINI","Fat Gecko Mini Suction Mount"
"DDMOUNT-STRAP","Fat Gecko Bike Strap"
"DDMOUNT-SUCTION","Fat Gecko Double Knuckle Mount"
"DDMOUNTACQKRLSP","Fat Gecko Quick Release Plate Mount"
"DEV5","Sony DEV5 Digital Recording Binoculars"
"DF-F7013B","DigiFrame Metro 7"" Digital Photo Frame"
"DF-SC5701","DigiFrame EzyScan Photo Scanner 5""x7"""
"DF-SCA401W","Digiframe Ezyscan Multi Rechargable Scanner"
"DMC-FH4GN-K","Panasonic Lumix FH4 Black Compact Digital Camera"
"DMC-FH4GN-P","Panasonic Lumix FH4 Pink Compact Digital Camera"
"DMC-FH4GN-S","Panasonic Lumix FH4 Silver Compact Digital Camera"
"DMC-FH5GN-K","Panasonic Lumix DMC-FH5 Black Digital Compact Camera"
"DMC-FH8GN-K","Panasonic Lumix FH8 Black Compact Digital Camera"
"DMC-FH8GN-R","Panasonic Lumix FH8 Red Compact Digital Camera"
"DMC-FH8GN-S","Panasonic Lumix FH8 Silver Compact Digital Camera"
"DMC-FH8GN-V","Panasonic Lumix FH8 Violet Compact Digital Camera"
"DMC-FT20GN-A","Panasonic Lumix FT20 Blue Waterproof Compact Digital Camera"
"DMC-FT20GN-D","Panasonic Lumix FT20 Orange Waterproof Compact Digital Camera"
"DMC-FT20GN-K","Panasonic Lumix FT20 Black Waterproof Compact Digital Camera"
"DMC-FT20GN-R","Panasonic Lumix FT20 Red Waterproof Compact Digital Camera"
"DMC-FT4GN-A","Panasonic Lumix FT4 Blue Waterproof Compact Digital Camera"
"DMC-FT4GN-D","Panasonic Lumix FT4 Orange Underwater Compact Digital Camera"
"DMC-FT4GN-K","Panasonic Lumix FT4 Black Waterproof Compact Digital Camera"
"DMC-FT4GN-S","Panasonic Lumix FT4 Silver Underwater Compact Digital Camera"
"DMC-FX700-K","Panasonic Lumix DMC-FX700 Black Digital Compact Camera"
"DMC-FX75-K","Panasonic Lumix DMC-FX75 Black Digital Compact Camera"
"DMC-FZ150GN-K","Panasonic Lumix DMC-FZ150 Black Digital Compact Camera"
"DMC-FZ47GN-K","Panasonic Lumix DMC-FZ47 Black Digital Compact Camera"
"DMC-G3GN-K","Panasonic Lumix DMC-G3 Body Only Black Compact Pro Camera"
"DMC-G3KGN-K","Panasonic Lumix DMC-G3 w/14-42 mm Lens Black Compact Pro Camera"
"DMC-G3WGN-K","Panasonic Lumix DMC-G3 w/14-42mm & 45-200mm Lenses Black Compact Pro Camera"
"DMC-GF2CGN-K","Panasonic Lumix DMC-GF2 w/14mm Lens Black Compact Pro Camera"
"DMC-GF2CGN-W","Panasonic Lumix DMC-GF2 w/14mm Lens White Compact Pro Camera"
"DMC-GF2KGN-W","Panasonic Lumix DMC-GF2 w/14-42mm Lens White Compact Pro Camera"
"DMC-GF2WGN-K","Panasonic Lumix DMC-GF2 w/14mm & 14-42mm Lenses Black Compact Pro Camera"
"DMC-GF2WGN-W","Panasonic Lumix DMC-GF2 w/14mm & 14-42mm Lenses White Compact Pro Camera"
"DMC-GF3-XPZTWINK","Panasonic Lumix DMC-GF3 w/14-42mm & 45-175mm PZ Lenses Black Compact Pro Camera"
"DMC-GF3CGN-K","Panasonic Lumix DMC-GF3 w/14mm Lens Black Compact Pro Camera"
"DMC-GF3KGN-K","Panasonic Lumix DMC-GF3 w/14-42mm Lens Black Compact Pro Camera"
"DMC-GF3WGN-K","Panasonic Lumix DMC-GF3 w/14mm & 14-42mm Lenses Black Compact Pro Camera"
"DMC-GF3WGN-R","Panasonic Lumix DMC-GF3 w/14mm & 14-42mm Lenses Red Compact Pro Camera"
"DMC-GF3WGN-W","Panasonic Lumix DMC-GF3 w/14mm & 14-42mm Lenses White Compact Pro Camera"
"DMC-GF3XGN-K","Panasonic Lumix GF3 w/14-42mm PZ Lens Black Compact Pro Camera"
"DMC-GH2-K","Panasonic Lumix DMC-GH2 w/14-42mm Lens Black Compact Pro Camera"
"DMC-GH2-S","Panasonic Lumix DMC-GH2 w/14-42mm Lens Silver Compact Pro Camera"
"DMC-GH2HGN-K","Panasonic Lumix DMC-GH2 w/14-140mm Lens Black Compact Pro Camera"
"DMC-GX1GN-K","Panasonic DMC-GX1 Black Body Only"
"DMC-GX1KGN-K","Panasonic DMC-GX1 Black w/ 14-42mm Lens"
"DMC-GX1XGN-K","Panasonic Lumix DMC-GX1 w/ 14-42mm Power Zoom Lens Compact Pro Camera Black"
"DMC-GX1XGN-S","Panasonic Lumix DMC-GX1 w/ 14-42mm Power Zoom Lens Compact Pro Camera Silver"
"DMC-LX5-K","Panasonic Lumix DMC-LX5 Black Digital Compact Camera"
"DMC-S1GN-K","Panasonic Lumix DMC-S1 Black Digital Compact Camera"
"DMC-S1GN-PA","Panasonic Lumix DMC-S1 Pink Digital Compact Camera"
"DMC-S1GN-S","Panasonic Lumix DMC-S1 Silver Digital Compact Camera"
"DMC-S2GN-K","Panasonic Lumix S2 Black Compact Digital Camera"
"DMC-S2GN-P","Panasonic Lumix S2 Pink Compact Digital Camera"
"DMC-S3GN-K","Panasonic Lumix DMC-S3 Black Digital Compact Camera"
"DMC-S3GN-R","Panasonic Lumix DMC-S3 Red Digital Compact Camera"
"DMC-S3GN-W","Panasonic Lumix DMC-S3 White Digital Compact Camera"
"DMC-SZ1GN-A","Panasonic Lumix SZ1 Blue Compact Digital Camera"
"DMC-SZ1GN-K","Panasonic Lumix SZ1 Black Compact Digital Camera"
"DMC-SZ1GN-R","Panasonic Lumix SZ1 Red Compact Digital Camera"
"DMC-SZ1GN-S","Panasonic Lumix SZ1 Silver Compact Digital Camera"
"DMC-SZ7GN-K","Panasonic Lumix SZ7 Black Compact Digital Camera"
"DMC-SZ7GN-P","Panasonic Lumix SZ7 Pink Compact Digital Camera"
"DMC-SZ7GN-W","Panasonic Lumix SZ7 White Compact Digital Camera"
"DMC-TZ20GN-K","Panasonic Lumix DMC-TZ20 Black Digital Compact Camera"
"DMC-TZ25GN-S","Panasonic Lumix TZ25 Silver Compact Digital Camera"
"DMC-TZ30GN-K","Panasonic Lumix TZ30 Black Compact Digital Camera"
"DMC-TZ30GN-R","Panasonic Lumix TZ30 Red Compact Digital Camera"
"DMC-TZ30GN-W","Panasonic Lumix TZ30 White Compact Digital Camera"
"DMW-BCF10","Panasonic DMW-BCF10 Battery"
"DMW-BCG10","Panasonic DMW-BCG10 Battery"
"DMW-BCJ13E","Panasonic DMW-BCJ13E Battery"
"DMW-BCK7E","Panasonic DMW-BCK7E Battery"
"DMW-BLB13","Panasonic DMW-BLB13 Battery"
"DMW-BLD10E","Panasonic DMW-BLD10E Battery"
"DMW-CFT2E-R","Panasonic Red Armband Case"
"DMW-CLX5E-K","Panasonic LX5 Case"
"DMW-FL220","Panasonic DMW- FL220 Flash"
"DMW-FL360E","Panasonic DMW-FL360E Flash"
"DMW-FL500E","Panasonic DMW-FL500E Flash"
"DMW-FST1E-R","Panasonic Red Floating Wrist Strap"
"DMW-MA1E","Panasonic Lens Mount Adaptor Micro 4/3 Lens"
"DMW-MA2ME","Panasonic Leica M Mount Adapter Lens"
"DMW-MA3RE","Panasonic Leica R Mount Adapter Lens"
"DMW-MCFT2E","Panasonic FT2 Marine Case"
"DMW-MCFT3E","Panasonic FT3 Marine Case"
"DMW-MCTZ20E","Panasonic DMC-TZ20 Marine Case"
"DMW-PKS26XEA","Panasonic Case & Floating Strap"
"DSCH90B","Sony Cybershot H90 Black Compact Digital Camera"
"DSCH90R","Sony Cybershot H90 Red Compact Digital Camera"
"DSCHX100V","Sony Cybershot DSCHX100V Black & Bonus Battery Digital Compact Camera"
"DSCHX200V","Sony Cybershot DSCHX200V Black & Bonus Battery Compact Digital Camera"
"DSCHX20V","Sony DSCHX20V Black Digital Compact Camera"
"DSCHX7V","Sony DSCHX7V Black Digital Compact Camera"
"DSCHX9V","Sony DSCHX9V Black Digital Compact Camera"
"DSCTX100VB","Sony DSCTX100V Black Digital Compact Camera"
"DSCTX100VR","Sony DSCTX100V Red Digital Compact Camera"
"DSCTX20B","Sony DSCTX20 Black Digital Compact Camera"
"DSCTX20L","Sony DSCTX20 Blue Digital Compact Camera"
"DSCTX20P","Sony DSCTX20 Pink Digital Compact Camera"
"DSCW530P","Sony DSCW530 Pink Digital Compact Camera"
"DSCW570B","Sony DSCW570 Black Digital Compact Camera"
"DSCW570P","Sony DSCW570 Pink Digital Compact Camera"
"DSCW610B","Sony Cybershot W610 Black Compact Digital Camera"
"DSCW610G","Sony Cybershot W610 Green Compact Digital Camera"
"DSCW610P","Sony Cybershot W610 Pink Compact Digital Camera"
"DSCW610S","Sony Cybershot W610 Silver Compact Digital Camera"
"DSCW630B","Sony Cybershot W630 Black Compact Digital Camera"
"DSCW630P","Sony Cybershot W630 Pink Compact Digital Camera"
"DSCW630S","Sony Cybershot W630 Silver Compact Digital Camera"
"DSCW630V","Sony Cybershot W630 Violet Compact Digital Camera"
"DSCW690B","Sony Cybershot W690 Black Compact Digital Camera"
"DSCW690L","Sony Cybershot W690 Blue Compact Digital Camera"
"DSCW690R","Sony Cybershot W690 Red Compact Digital Camera"
"DSCW690S","Sony Cybershot W690 Silver Compact Digital Camera"
"DSCWX100B","Sony Cybershot WX100 Black Digital Compact Camera"
"DSCWX100W","Sony Cybershot WX100 White Digital Compact Camera"
"DSCWX50B","Sony Cybershot WX50 Black Compact Digital Camera"
"DSCWX50S","Sony Cybershot WX50 Silver Compact Digital Camera"
"DU3.0-M BLK","eFilm Pop-Up 3.0"" Black LCD Shade"
"EC-DV300FBPBAU","Samsung DV300F Black Digital Compact Camera"
"EC-DV300FBPUAU","Samsung DV300F Silver Digital Compact Camera"
"EC-PL210ZBPBAU","Samsung PL210 Black Digital Compact Camera"
"EC-SH100ZBPBAU","Samsung SH100 Black Digital Compact Camera"
"EC-SH100ZBPRAU","Samsung SH100 Red Digital Compact Camera"
"EC-ST65ZZBPRAU","Samsung ST65 Red Digital Compact Camera"
"EC-ST65ZZBPUAU","Samsung ST65 Blue Digital Compact Camera"
"EC-ST77ZZBPBAU","Samsung ST77 Black Digital Comact Camera"
"EC-ST77ZZBPLAU","Samsung ST77 Purple Digital Compact Camera"
"EC-ST77ZZBPSAU","Samsung ST77 Silver Digital Compact Camera"
"EC-ST88ZZBPBAU","Samsung ST88 Black Digital Compact Camera"
"EC-ST95ZZBPBAU","Samsung ST95 Black Digital Compact Camera"
"EC-ST95ZZBPSAU","Samsung ST95 Silver Digital Compact Camera"
"EC-WB150FBPBAU","Samsung WB150F Black Digital Compact Camera"
"EC-WB150FBPWAU","Samsung WB150F White Digital Compact Camera"
"EC-WB750ZBPBAU","Samsung WB750 Black Digital Compact Camera"
"EC-WB850FBPBAU","Samsung WB850F Black Digital Compact Camera"
"ECMALST1","Sony Stereo Microphone"
"ECMAW3","Sony Wireless Bluetooth Microphone"
"ECMC115","Sony Tie Pin Microphone Accessories"
"ECMCG50","Sony Shotgun Microphone Accessories"
"ECMHGZ1","Sony Gun Zoom Microphone Accessories"
"ECMHST1","Sony Stereo Microphone Accessories"
"ECMHW2","Sony Bluetooth Wireless Mic Accessories"
"ECMSST1","Sony NEX Microphone Accessories"
"ED-MA9NXK","Samsung NX K Mount Adapter"
"ED-SEF20A","Samsung NX SEF20A Flash"
"EF100-400IS","Canon EF 100-400mm f/4.5-5.6L IS USM Lens"
"EF10020U","Canon 100mm f/2.0 Lens"
"EF10028LIS","Canon EF 100mm f2.8 LIS USM Lens"
"EF10028U","Canon EF 100mm f/2.8 Macro USM Lens"
"EF13520L","Canon EF 135mm f/2L USM Lens"
"EF1428LII","Canon EF 14mm f/2.8L II USM Lens"
"EF14XIII","Canon EF 1.4x lll Extender"
"EF16-35LII","Canon EF 16-35mm f/2.8L II USM Lens"
"EF17-40L","Canon EF 17-40mm f/4L USM Lens"
"EF18035L","Canon EF 180mm f/3.5L Macro USM Lens"
"EF24-105LIS","Canon 24-105mm f/4L IS USM Lens"
"EF24-70LUII","Canon EF 24-70mm f/2.8L II USM Lens"
"EF2414LII","Canon EF 24mm f/1.4L USM Lens"
"EF28-135IS","Canon 28-135mm IS f/3.5-5.6 IS USM Lens"
"EF28-300IS","Canon 28-300mm IS Lens"
"EF2XIII","Canon EF 2x lll Extender Lens"
"EF30040LIS","Canon 300mm f/4.0 Lens"
"EF3514L","Canon EF 35mm f/1.4L USM Lens"
"EF3520","Canon EF 35mm f/2 Lens"
"EF40056LU","Canon 400mm f/5.6 Lens"
"EF5012LU","Canon EF 50mm f/1.2L USM Lens"
"EF5014U","Canon 50mm f/1.4 USM Lens"
"EF5018II","Canon 50mm f/1.8 II Lens"
"EF5025M","Canon 50mm Macro Lens"
"EF70-20040L","Canon EF 70-200mm f/4 L USM Lens"
"EF70-20040LIS","Canon EF 70-200mm f/4L IS USM Lens"
"EF70-200ISII","Canon EF 70-200mm f/2.8L IS USM Lens"
"EF70-200LU","Canon EF 70-200mm f/2.8L USM Lens"
"EF70-300IS","Canon EF 70-300mm f/4-5.6 IS USM Lens"
"EF70-300LISU","Canon EF 70-300mm f/4-5.6L IS USM Lens"
"EF75-300","Canon EF 75-300mm f/4-5.6 Lens"
"EF8-15L","Canon EF 8-15mm f4L USM Fisheye Lens"
"EF8512LII","Canon EF 85mm f/1.2L II USM Lens"
"EF8518U","Canon EF 85mm f/1.8 USM Lens"
"EFS10-22U","Canon 10-22mm f/3.5-4.5 USM Lens"
"EFS15-85IS","Canon EF-S 15-85mm f/3.5-5.6 IS USM Lens"
"EFS17-55IS","Canon 17-55mm f2.8 IS USM Lens"
"EFS17-85IS","Canon 17-85mm IS Lens"
"EFS18-135IS","Canon EF-S 18-135mm f/3.5-5.6 IS Lens"
"EFS18-200IS","Canon EF-S 18-200mm f/3.5-5.6 IS Lens"
"EFS18-55ISII","Canon 18-55mm IS Lens"
"EFS60MU","Canon 60mm f/2.8 Macro USM Lens"
"EX-G1BK","Casio EX-G1 Black Digital Compact Camera"
"EX-G1RD","Casio EX-G1 Red Digital Compact Camera"
"EX-ZS10B","Casio ZS10 Black Digital Compact Camera"
"EX-ZS10R","Casio ZS10 Red Digital Compact Camera"
"EX-ZS10S","Casio ZS10 Silver Digital Compact Camera"
"EXH20GBK","Casio EX-H20 Black Digital Compact Camera"
"EXH30BK","Casio EX-H30 Black Digital Compact Camera"
"EXH30SR","Casio EX-H30 Silver Digital Compact Camera"
"EXZ3000SR","Casio EX-Z3000 Silver Digital Compact Camera"
"EXZR10BK","Casio EX-ZR10 Black Digital Compact Camera"
"EXZR10SR","Casio EX-ZR10 Silver Digital Compact Camera"
"EXZR200BK","Casio EX-ZR200 Black Digital Compact Camera"
"EXZR200WE","Casio EX-ZR200 White Digital Compact Camera"
"FCDC1","Canon Front Cover Set for D10 Accessories"
"FDAEV1S","Sony E Mount EVF XGA OLED Electronic Viewfinder Accessory"
"FDASV1","Sony NEX Optical View Finder Accessories"
"FFW002AA","Nikon ML-L3 Remote Control"
"FLYMOUNT","Contour Flymount Uni Mounting System"
"FS46BK","Canon Legria FS46 Black Digital Video Camera"
"FSA03701","Nikon SB-400 Speedlight Flash"
"FSA03801","Nikon SB-900 Speedlight Flash"
"FSA03901","Nikon SB-700 Speedlite"
"FSA04001","Nikon SB-910 Speedlight"
"FSA906BA","Nikon R1 Ring Flash"
"FSA90701","Nikon 1 SB-N5 Speedlight Flash"
"FTA08201","Nikon 1 40.5mm NC Filter"
"G12","Canon PowerShot G12 Digital Compact Camera"
"G1X","Canon G1X Compact Digital Camera"
"GBT3440","Tilano Fresco Tile Kit"
"GBT3443","Tilano 8x10 Canvas kit"
"GBT3444","Tilano Glass Magnet Kit"
"GBT3445","Tilano Image Transfer kit"
"GBT3452","Tilano Marble Magnet Kit"
"GP003","Go Pro HD Naked Digital Video Camera No Mounts"
"GP005","Go Pro HD Battery"
"GP006","Go Pro HD Replacement Housing"
"GP007","Go Pro Lens Kit"
"GP021","Go Pro Curved Mount"
"GP022","Go Pro Flat Mounts"
"GP023","Go Pro Grab Bag"
"GP024","Go Pro Anti Fog Inserts"
"GP025","Go Pro Chest Mount Harness"
"GP026","Go Pro Head Strap"
"GP027","Go Pro Vented Helmet Baseplate with Strap"
"GP030","Go Pro Roll Bar Mount"
"GP031","Go Pro Ride Mount"
"GP032","Go Pro Suction Cup Mount"
"GP033","Go Pro Surf Expansion Kit"
"GP034","Go Pro Tripod Adaptor"
"GP036","Go Pro Battery Bacpac"
"GP037","Go Pro Car Charger"
"GP038","Go Pro HD Wrist Housing"
"GP039","Go Pro HD Skeleton Housing"
"GP040","Go Pro Front Helmet Mount"
"GP041","Go Pro Night Vision Goggle Mount"
"GP043","Go Pro LCD Bacpac"
"GP044","Go Pro 3D Housing Kit"
"GP045","Go Pro Floaty Backdoor"
"GP047","Go Pro Wall Charger with Dual USB Ports"
"GP048","Go Pro Camera Tethers 4 Pack"
"GP049","Go Pro HDMI Cable"
"GP050","Go Pro HD Hero 2 Outdoor Digital Video Camera"
"GP051","Go Pro HD Hero 2 Motorsport Digital Video Camera"
"GP052","Go Pro HD Hero 2 Surf Digital Video Camera"
"GP053","Go Pro Composite Cable"
"GP055","Go Pro Dive Housing"
"GZ-E10B","JVC Everio GZ-E10 Black Digital Video Camera"
"GZ-E205B","JVC Everio E205 Black Digital Video Camera"
"GZ-EX255B","JVC Everio EX255 Black Digital Video Camera"
"GZ-HM870B","JVC Everio GZ-HM870 Black Digital Video Camera"
"GZ-VX775B","JVC Everio VX775 Black Digital Video Camera"
"H-ES045E","Panasonic 45mm Macro Lens"
"H-F007014E","Panasonic 7-14mm Lens"
"H-F008E","Panasonic 8mm Fisheye Lens Lens"
"H-FS014042E","Panasonic 14-42mm Lens"
"H-FS014045","Panasonic 14-45mm Lens"
"H-FS045200","Panasonic 45-200mm Lens"
"H-FS100300E","Panasonic H-FS100300E 100-300mm Lens"
"H-FT012E","Panasonic H-FT012E 12.5mm 3D Lens"
"H-H014E","Panasonic H-H014E 14mm Pancake Lens"
"H-H020E","Panasonic H-H020E 20mm Pancake Lens"
"H-PS14042E-K","Panasonic Lumix G X Vario PZ 14-42mm Lens Black"
"H-PS14042E-S","Panasonic Lumix G X Vario PZ 14-42mm Lens Silver"
"H-PS45175E-K","Panasonic 45-175mm f/4-5.6 Zoom Black Lens"
"H-PS45175E-S","Panasonic 45-175mm f/4-5.6 Zoom Silver Lens"
"H-VS014140E","Panasonic 14-140mm Lens"
"H-X025","Panasonic H-X025 25mm f1.4 Leica Lens"
"HC-V100GN-K","Panasonic HC-V100GN Black Digital Video Camera"
"HC-V10GN-K","Panasonic HC-V10GN Black Digital Video Camera"
"HC-V500MGN-K","Panasonic HC-V500MGN Black Digital Video Camera"
"HC-V700GN-K","Panasonic HC-V700GN Black Digital Video Camera"
"HC-X900MGN-K","Panasonic HC-X900 Black Digital Video Camera"
"HD-600DCREATIVE","Canon 600D Creative Kit Hot Deals -18-55/55-250/50 f1.8 battery/backpack/tripod/card"
"HD-TG810","Olympus TG-810 Silver Hot Deal Digital Compact Camera Includes Silicon Case"
"HDRAX2000","Sony HDRAX2000 HI-DEF DV Camcorder"
"HDRCX190","Sony HDRCX190 Digital Video Camera"
"HDRFX1000","Sony HDRFX1000 HD MiniDV Digital Video Camera"
"HDRPJ200","Sony HDRPJ200 Projector Digital Video Camera"
"HDRPJ260V","Sony HDRPJ260V Projector Digital Video Camera"
"HDRPJ30V","Sony HDRPJ30V Digital Video Camera"
"HDRPJ760V","Sony HDRPJ760V Projector Digital Video Camera"
"HDRPJ760VMTP","Sony HDRPJ760V inc Battery, Case,Mini Tripod Grip, Speaker Digital Video Camera"
"HDRTD10","Sony HDRTD10 Full HD 3D Digital Video Camera"
"HDRTD20V","Sony HDRTD20V 3D Digital Video Camera"
"HDRXR260V","Sony HDRXR260 Digital Video Camera"
"HFDC2","Canon High Power Flash SX260, S100, IXUS240, IXUS 500"
"HFR38","Canon Legria HFR38 Digital Video Camera"
"HLINSPC","Inspire Remote Control Canon"
"HLINSPN","Inspire Remote Control Nikon"
"HLULT2C","Hahnel Ultima II Canon Charger"
"HLULT2F","Hahnel Ultima II Fuji Charger"
"HLULT2N","Hahnel Ultima II Nikon Charger"
"HLULT2O","Hahnel Ultima II Olympus Charger"
"HLULT2P","Hahnel Ultima II Panasonic Charger"
"HLULT2S","Hahnel Ultima II Sony Charger"
"HMX-F80BP/XSA","Samsung F80 Black Digital Video Camera"
"HMX-QF20BP/XSA","Samsung QF20 Black Digital Video Camera"
"HVLF20AM","Sony HVLF20AM GN20 Bounce Flash"
"HVLF20S","Sony HVLF20S Flash"
"HVLF43AM","Sony HVLF43AM Flash"
"HVLF58AM","Sony HVLF58AM Flash"
"HX-DC2GN-H","Panasonic HX-DC2GN Grey Digital Video Camera"
"HX-WA10GN-K","Panasonic HX-WA10 Black Underwater Digital Video Camera"
"HX-WA2GN-A","Panasonic HX-WA2GN Blue Waterproof Digital Video Camera"
"HX-WA2GN-D","Panasonic HX-WA2GN Orange Waterproof Digital Video Camera"
"IP100","Impossible PX 100 Silver Shade Instant Film"
"IP102","Impossible PX 600 Silver Shade UV+ Instant Film"
"IP105","Impossible PZ 600 Silver Shade UV+ Instant Film"
"IP107","Impossible PX 680 Colour Shade FF Instant Film"
"IP108","Impossible PX 600 UV+ Black Frame Instant Film"
"IP113","Impossible PX 70 Colour Shade PUSH Instant Film"
"IXUS1000HSP","Canon IXUS 1000 HS Pink Digital Compact Camera"
"IXUS115HSS","Canon IXUS 115 HS Silver Digital Compact Camera"
"IXUS125HSBK","Canon IXUS 125 HS Black Digital Compact Camera"
"IXUS125HSS","Canon IXUS 125 HS Silver Digital Compact Camera"
"IXUS220HSBK","Canon IXUS 220 HS Black Inc 2gb card/Canon case Digital Compact Camera"
"IXUS230HSBK","Canon IXUS 230 HS Black Digital Compact Camera"
"IXUS230HSBL","Canon IXUS 230 HS Blue Digital Compact Camera"
"IXUS240HSBL","Canon IXUS 240 HS Blue Digital Compact Camera"
"IXUS240HSS","Canon IXUS 240 HS Silver Digital Compact Camera"
"IXUS500HSR","Canon IXUS 500 HS Red Digital Compact Camera"
"IXUS500HSS","Canon IXUS 500 HS Silver Digital Compact Camera"
"IXUS510HSBK","Canon IXUS 510 HS Black Digital Compact Camera"
"IXUS510HSWH","Canon IXUS 510 HS White Digital Compact Camera"
"JAA013DA","Nikon AF 50mm f/1.8 Lens"
"JAA014DA","Nikon AF-S 50mm f/1.4G Lens"
"JAA015DA","Nikon AF-S 50mm f/1.8G Lens"
"JAA127DA","Nikon AF 20mm f/2.8D Lens"
"JAA129DA","Nikon AF 35mm f/2 D Lens"
"JAA132DA","Nikon AF-S 35mm f/1.8 Lens"
"JAA134DA","Nikon AF-S 35mm f/1.4G Lens"
"JAA328DA","Nikon AF 85mm f1.8D Lens"
"JAA629DA","Nikon AF DX Fisheye 10.5mm f2.8G ED Lens"
"JAA630DA","Nikon AF-S Macro 105mm f/2.8G IF-ED VR Lens"
"JAA632DA","Nikon AF-S Micro 60mm f/2.8G ED Lens"
"JAA637DA","Nikon AF-SDX Micro 85mm f3.5G ED VR Lens"
"JAA638DA","Nikon AF-S DX 40mm f/2.8G Lens"
"JAA762DA","Nikon AF 80-200mm f2.8D ED Lens"
"JAA771DA","Nikon AF 80-400mm f/4.5-5.6D ED VR Lens"
"JAA774DA","Nikon AF 24-85mm f2.8-4D IF Lens"
"JAA795DA","Nikon AF-S 70-300mm F/4.5-5.6G IF ED VR Lens"
"JAA800DA","Nikon AFS DX 16-85mm f/3.5-5.6 G VR Lens"
"JAA801DA","Nikon AF-S 14-24mm f2.8G ED Lens"
"JAA802DA","Nikon AF-S 24-70mm f/2.8G ED Lens"
"JAA804DA","Nikon AF-S DX 10-24mm f/3.5-4.5G ED Lens"
"JAA806DA","Nikon 16-35mm f4G VR Lens"
"JAA807DA","Nikon AF-S 70-200mm f/2.8G ED VR II Lens"
"JAA808DA","Nikon AF-S 28-300mm f/3.5-5.6G IF ED VR Lens"
"JAA811DA","Nikon AF-S 24-120mm f/4G IF ED VR Lens"
"JAA813DA","Nikon AF-S DX 18-200mm f/3.5-5.6 G ED VR II Lens"
"JVA101DA","Nikon 1 10mm f2.8 Lens Black"
"JVA701DA","Nikon 1 VR 10-30mm f3.5-5.6 Lens Black"
"JVA701DB","Nikon 1 10mm f2.8 Lens White"
"JVA702DA","Nikon 1 VR 10-100mm f4.3-5.6 PD Black Zoom Lens"
"JVA703DA","Nikon 1 VR 30-110mm f3.5-5.6 Black Lens"
"JVA703DB","Nikon 1 VR 30-110mm f3.5-5.6 White Lens"
"JVA90151","Nikon FT-1 Mount Adaptor For Nikon V1 and J1"
"JVB10101","Nikon 1 10-30mm Lens Hood"
"JVB10201","Nikon 1 10-100mm Lens Hood"
"JVB10301","Nikon 1 30-110mm Lens Hood"
"JVB20101","Nikon 1 HN-N101 10mm Lens Hood"
"JVD100401","Nikon 1 Lens Hood Cap"
"JVD10101","Nikon 1 LF-1000 Rear Lens Cap"
"JVD10201","Nikon 1 LC-N40.5 Front Lens Cap"
"JVD10301","Nikon 1 LC-N72 Front Lens Cap"
"KIT-600DCREATIVE","Canon EOS 600D Creative Kit 18-55mm/55-250mm/50mm f1.8, Battery, Lowepro Bag"
"KIT-G1BK","Casio EXG1 Black Kit"
"KIT-G1RD","Casio EXG1 Red Kit"
"KIT-GOPRO HD","Go Pro HD Hero 2 Helmet kit with 4gb Micro Ultra Card & Grab Bag Digital Video Camera"
"KIT-ND3100-01","Nikon D3100 Twin Kit w/18-55mm & 55-300mm VR Lenses"
"KIT-ND5100U","Nikon D5100 Ultimate Kit w/18-55 & 55-300 VR Lenses Digital SLR Camera"
"KIT-ND90-01","Nikon D90 w/18-200mm VR II Lens Digital SLR Camera"
"KIT-ND90-02","Nikon D90 w/18-105mm VR & 55-300mm VR Lenses Digital SLR Camera"
"KIT-ND90-18105","Nikon D90 w/18-105mm VR & Bonus 70-300mm G Lens DSLR Kit"
"KIT-NV1TRIPLEB","Nikon V1 Kit w/10mm, 10-30mm & 30-110mm Lenses Black Compact Pro Camera"
"KIT-NV1TRIPLEW","Nikon V1 Kit w/10mm, 10-30mm & 30-110mm Lenses White Compact Pro Camera"
"KIT-OEP3BKIT","Olympus E-P3 Shooter Kit Black w/ 12mm Lens, Grip, Viewfinder & Case"
"KIT-OEP3SKIT","Olympus E-P3 Shooter Kit Silver w/ 12mm Lens, Grip, Viewfinder & Case"
"KIT-SDSCHX7","Sony DSCHX7V Black Digital Compact Camera w/ Case & 2GB Card"
"KIT-SPL210K-01","Samsung PL210 Black Digital Compact Camera"
"LAEA1","Sony NEX Mount adaptor Accessories"
"LAEA2","Sony NEX A Mount Adaptor with AF Accessories"
"LCIXUS3","Canon IXUS3 Leather Case"
"LCIXUS4","Canon IXUS4 Leather Case"
"LCIXUS5","Canon IXUS5 Leather Case"
"LCSBP2","Sony Alpha Backpack Black Bag"
"LCSHG","Sony DSC Carry Case for DSCHX100"
"LPE5","Canon LPE5 Battery"
"LPE6","Canon LPE6 Battery"
"LPE8","Canon LPE8 Battery"
"LSC-01","Gary Fong Lightsphere Collapsible"
"LSC-BASIC","Gary Fong Lightsphere Collapsible Basic Kit"
"LSC-PRO","Gary Fong Lightsphere Pro Kit"
"LSU-PS","Gary Fong PowerSnoot"
"M-7307","Matin Protective Film FreeSize Protection"
"M7380","Matin Micro Fibre Cloth Black Accessories"
"M7381","Matin Micro Fibre Orange Cleaning Cloth"
"M7382","Matin Micro Fibre Cleaning Cloth Green"
"M7383","Matin Micro Fibre Cleaning Cloth Pink"
"M7384","Matin Micro Fibre Cloth Blue Accessories"
"MK293A4-AORC2","Manfrotto MK293A4-AORC2 Tripod"
"MK294A3-D3RC2","Manfrotto MK394-H Silver Tripod"
"MK393-H","Manfrotto MK393H Photo Movie Head Tripod"
"MKC3-H01","Manfrotto MKC3-H01 Tripod"
"MMC3-01","Manfrotto MMC3-01 Monopod Black"
"NB2LH","Canon NB-2LH Battery"
"NB5L","Canon NB5L Battery"
"NB6L","Canon NB6L Battery"
"NB7L","Canon NB7L Battery"
"NEX5NB","Sony NEX5N Body Black Digital Compact Camera"
"NEX5NDB","Sony NEX-5N w/16mm & 18-55mm Lenses Black Digital Compact Pro"
"NEX5NDS","Sony NEX-5N w/16mm & 18-55mm Lenses Silver Digital Compact Pro"
"NEX5NDW","Sony NEX-5N w/16mm & 18-55mm Lenses White Digital Compact Pro"
"NEX5NHB","Sony NEX-5N w/18-200mm Lens Black Compact Pro Camera"
"NEX5NKB","Sony NEX-5N w/18-55mm Lens Black Compact Pro Camera"
"NEX5NYB","Sony NEX-5N w/18-55mm & 55-210mm Zoom Lenses Black Digital Compact Pro"
"NEX5NYS","Sony NEX-5N w/18-55mm & 55-210mm Zoom Lenses Silver Digital Compact Pro"
"NEX7B","Sony NEX7N Body Only Compact Pro Camera"
"NEX7KB","Sony NEX7N w18-55mm Lens Black Compact Pro Camera"
"NEXC3DB","Sony NEX-C3 w/16mm & 18-55mm Lenses Black Compact Pro Camera"
"NEXC3DP","Sony NEX-C3 w/16mm & 18-55mm Lenses Pink Compact Pro Camera"
"NEXC3DS","Sony NEX-C3 w/16mm & 18-55mm Lenses Silver Compact Pro Camera"
"NEXF3KB","Sony NEXF3 w/18-55mm Lens Black Compact Pro Camera"
"NEXF3KP","Sony NEXF3 w/18-55mm Lens Pink Compact Pro Camera"
"NEXF3KW","Sony NEXF3 w/18-55mm Lens White Compact Pro Camera"
"NEXF3YB","Sony NEXF3 w/18-55mm & 55-210mm Lenses Black Compact Pro Camera"
"NEXF3YW","Sony NEXF3 w/18-55mm & 55-210mm Lenses White Compact Pro Camera"
"NEXVG20HB","Sony NEXVG20HB Handycam w/18-200mm Lens Digital Video Camera"
"NEXVG20PROKIT","Sony NEXVG20HB Handycam w/18-200mm Lens & Accessories Digital Video Camera"
"NPF570","Sony NP-F570 InfoLithium L Battery"
"NPF770","Sony NP-F770 InfoLithium L Battery"
"NPF970","Sony NP-F970 InfoLithium L Battery"
"NPFV100","Sony NPFV100 InfoLithium L Battery"
"NPFV50","Sony NPFV50 Camcorder Battery"
"NPFV70","Sony NPFV70 InfoLithium L Battery"
"NPFW50","Sony NPFW50 Battery"
"OPM-1093G","Optex OPM-1093G Tripod Incl. Monopod & Pistol Grip"
"OSLKIT","Optex Portable Photo Studio"
"PICU-0300B","Polaroid 300 Black Instant Camera"
"PICU-0300L","Polaroid 300 Blue Instant Camera"
"PICU-0300P","Polaroid 300 Purple Instant Camera"
"PICU-0300R","Polaroid 300 Red Instant Camera"
"PIFU-0300","Polaroid 300 Instant Film (10) Photo Paper"
"PSA2300BK","Canon Powershot A2300 Black Digital Compact Camera"
"PSA2300BL","Canon Powershot A2300 Blue Digital Compact Camera"
"PSA2300S","Canon Powershot A2300 Silver Digital Compact Camera"
"PSA2400ISBK","Canon Powershot PSA2400 IS Black Digital Compact Camera"
"PSA2400ISS","Canon Powershot PSA2400 IS Silver Digital Compact Camera"
"PSA4000ISBL","Canon Powershot PSA4000IS Blue Digital Compact Camera"
"PSA4000ISR","Canon Powershot PSA4000IS Red Digital Compact Camera"
"PSA4000ISS","Canon Powershot PSA4000IS Silver Digital Compact Camera"
"PUF-RETAIL","Gary Fong Puffer Pop Up Flash Diffuser"
"PUF-SONY","Gary Fong Puffer Sony Pop Up Flash Diffuser"
"Q210-KIT","Que 210 Video Kit Microphone"
"QDH16","Sony XQD 16GB Memory Card"
"QDH32","Sony XQD 32GB Memory Card"
"QVIDEO-KIT","Que Video DSLR Kit Microphone"
"RC6","Canon RC6 Wireless Remote"
"RML1AM","Sony RML1AM Remote Commander Accessories"
"RMTDSLR1","Sony RMTDSLR1 Remote Commander Accessories"
"RS60E3","Canon RS-60E3 Remote Switch Accessories"
"S100","Canon Powershot S100 Digital Compact Camera"
"SAL100M28","Sony 100mm f/2.8 Macro Lens"
"SAL1118","Sony DT 11-18mm f/4.5-5.6 Zoom Lens"
"SAL135F18Z","Sony 135mm F/1.8 Telephoto Lens"
"SAL135F28","Sony 135mm F/2.8 Telephoto Lens"
"SAL14TC","Sony 1.4x Teleconverter Lens"
"SAL16105","Sony DT 16-105mm F/3.5-5.6 Zoom Lens"
"SAL1635Z","Sony 16-35mm F/2.8 ZA Lens"
"SAL1650","Sony DT 16-50mm f2.8 SSM Lens"
"SAL1680Z","Sony 16-80mm Lens"
"SAL18250","Sony 18-250mm f/3.5-6.3 DT Zoom Lens"
"SAL1855","Sony 18-55mm F/3.5-5.6 Zoom Lens"
"SAL20F28","Sony 20mm Wide Angle f/2.8 Lens"
"SAL20TC","Sony 2X Teleconverter Lens"
"SAL2470Z","Sony 24-70mm f/2.8 Zoom Lens"
"SAL24F20Z","Sony 24mm f/2 Lens"
"SAL28F28","Sony 28mm f/2.8 Wide-angle Lens"
"SAL30M28","Sony 30mm f/2.8 Macro Lens"
"SAL35F14G","Sony 35mm f/1.4 G-Series Wide-angle Lens"
"SAL35F18","Sony 35mm f/1.8 Lens"
"SAL50F14","Sony 50mm f/1.4 Lens"
"SAL50F18SAM","Sony 50mm f/1.8 Portrait Lens"
"SAL50M28","Sony 50mm f/2.8 Macro Lens"
"SAL70200G","Sony 70-200mm f/2.8 Telephoto Lens"
"SAL70300G","Sony 70-300mm f/4.5-5.6 Zoom Lens"
"SAL70400G","Sony 70-400mm f/4-5.6 Lens"
"SAL75300","Sony 75-300mm f/4.5-5.6 Lens"
"SAL85F14Z","Sony 85mm f/1.4 Telephoto Lens"
"SAL85F28","Sony 85mm f/2.8 Lens"
"SCDC65A","Canon G12 Case"
"SCFE1","Canon Colour Filters For 600EX"
"SCHE1","Canon Filter Holder For 600EX"
"SDCFH-004G-UQ46","SanDisk CF 4GB Ultra Memory Card"
"SDCFH-004G-UQ46","SanDisk CF 4GB Ultra Memory Card"
"SDCFH-008G-UQ46","SanDisk CF 8GB Ultra Memory Card"
"SDCFH-008G-UQ46","SanDisk CF 8GB Ultra Memory Card"
"SDCFH-016G-UQ46","SanDisk CF 16GB Ultra Memory Card"
"SDCFH-016G-UQ46","SanDisk CF 16GB Ultra Memory Card"
"SDCFX-008G-XQ46","SanDisk CF 8GB Extreme Memory Card"
"SDCFX-008G-XQ46","SanDisk CF 8GB Extreme Memory Card"
"SDCFX-016G-XQ46","SanDisk CF 16GB Extreme Memory Card"
"SDCFX-016G-XQ46","SanDisk CF 16GB Extreme Memory Card"
"SDCFX-032G-XQ46","SanDisk CF 32GB Extreme Memory Card"
"SDCFX-032G-XQ46","SanDisk CF 32GB Extreme Memory Card"
"SDCFXP-016G-XQ4","SanDisk CF 16GB Extreme Pro Memory Card"
"SDCFXP-016G-XQ4","SanDisk CF 16GB Extreme Pro Memory Card"
"SDCFXP-032G-XQ4","SanDisk CF 32GB Extreme Pro Memory Card"
"SDCFXP-032G-XQ4","SanDisk CF 32GB Extreme Pro Memory Card"
"SDCFXP-064G-X46","SanDisk CF 64GB Extreme Pro Memory Card"
"SDCFXP-064G-X46","SanDisk CF 64GB Extreme Pro Memory Card"
"SDCFXP-128G-XQ4","SanDisk CF 128GB Extreme Pro Memory Card"
"SDCFXP-128G-XQ4","SanDisk CF 128GB Extreme Pro Memory Card"
"SDCZ36-004G-BQ3","SanDisk Cruzer 4GB Micro USB Storage"
"SDCZ36-008G-BQ3","SanDisk Cruzer 8GB Micro USB Storage"
"SDCZ36-008G-BQ3","SanDisk Cruzer 8GB Micro USB Storage"
"SDCZ36-016G-BQ3","SanDisk Cruzer 16GB Micro USB Storage"
"SDCZ36-016G-BQ3","SanDisk Cruzer 16GB Micro USB Storage"
"SDCZ36-032G-BQ3","SanDisk Cruzer 32GB Micro USB Storage"
"SDCZ36-032G-BQ3","SanDisk Cruzer 32GB Micro USB Storage"
"SDDR-289-XQ20","SanDisk Reader All-in-1 Memory Card Reader"
"SDDR-289-XQ20","SanDisk Reader All-in-1 Memory Card Reader"
"SDMSPD-002G-BQ3","SanDisk MS Pro Duo 2GB Memory Card"
"SDMSPD-002G-BQ3","SanDisk MS Pro Duo 2GB Memory Card"
"SDMSPD-004G-BQ3","SanDisk MS Pro Duo 4GB Memory Card"
"SDMSPD-004G-BQ3","SanDisk MS Pro Duo 4GB Memory Card"
"SDMSPD-008G-BQ3","SanDisk MS Pro Duo 8GB Memory Card"
"SDMSPD-008G-BQ3","SanDisk MS Pro Duo 8GB Memory Card"
"SDMSPD-016G-BQ3","SanDisk MS Pro Duo 16GB Memory Card"
"SDMSPD-016G-BQ3","SanDisk MS Pro Duo 16GB Memory Card"
"SDMSPD-032G-BQ3","SanDisk MS Pro Duo 32GB Memory Card"
"SDSDB-002G-BQ35","SanDisk SD 2GB Memory Card"
"SDSDB-002G-BQ35","SanDisk SD 2GB Memory Card"
"SDSDB-004G-BQ35","SanDisk SDHC 4GB Memory Card"
"SDSDB-004G-BQ35","SanDisk SDHC 4GB Memory Card"
"SDSDB-008G-BQ35","SanDisk SDHC 8GB Memory Card"
"SDSDB-008G-BQ35","SanDisk SDHC 8GB Memory Card"
"SDSDB-016G-BQ35","SanDisk SDHC 16GB Memory Card"
"SDSDB-016G-BQ35","SanDisk SDHC 16GB Memory Card"
"SDSDB-032G-BQ35","SanDisk SDHC 32GB Memory Card"
"SDSDB-032G-BQ35","SanDisk SDHC 32GB Memory Card"
"SDSDH-002G-UQ46","SanDisk SD 2GB Ultra Memory Card"
"SDSDH-002G-UQ46","SanDisk SD 2GB Ultra Memory Card"
"SDSDH-004G-UQ46","SanDisk SDHC 4GB Ultra Memory Card"
"SDSDH-004G-UQ46","SanDisk SDHC 4GB Ultra Memory Card"
"SDSDH-008G-UQ46","SanDisk SDHC 8GB Ultra Memory Card"
"SDSDH-008G-UQ46","SanDisk SDHC 8GB Ultra Memory Card"
"SDSDH-064G-UQ46","SanDisk SDXC 64GB Ultra Memory Card"
"SDSDH-064G-UQ46","SanDisk SDXC 64GB Ultra Memory Card"
"SDSDQM-002G-BQ3","SanDisk microSD 2GB Memory Card"
"SDSDQM-002G-BQ3","SanDisk microSD 2GB Memory Card"
"SDSDQM-004G-BQ3","SanDisk microSDHC 4GB Memory Card"
"SDSDQM-004G-BQ3","SanDisk microSDHC 4GB Memory Card"
"SDSDQM-008G-BQ3","SanDisk microSDHC 8GB Memory Card"
"SDSDQM-008G-BQ3","SanDisk microSDHC 8GB Memory Card"
"SDSDQM-016G-BQ3","SanDisk microSDHC 16GB Memory Card"
"SDSDQM-016G-BQ3","SanDisk microSDHC 16GB Memory Card"
"SDSDQM-032G-BQ3","SanDisk microSDHC 32GB Memory Card"
"SDSDQM-032G-BQ3","SanDisk microSDHC 32GB Memory Card"
"SDSDQU-016G-UQ4","SanDisk Micro SDHC 16GB Ultra Class 10 Memory Card"
"SDSDQU-032G-UQ4","SanDisk Micro SDHC 32GB Ultra Class 10 Memory Card"
"SDSDQU-064G-UQ4","SanDisk Micro SDHC 65GB Ultra Class 10 Memory Card"
"SDSDQY-004G-UQ4","SanDisk Micro SD 4GB Ultra Memory Card"
"SDSDQY-004G-UQ4","SanDisk Micro SD 4GB Ultra Memory Card"
"SDSDQY-008G-UQ4","SanDisk Micro SD 8GB Ultra Memory Card"
"SDSDQY-008G-UQ4","SanDisk Micro SD 8GB Ultra Memory Card"
"SDSDQY-016G-U46S","SanDisk Micro SD 16GB Ultra Memory Card"
"SDSDQY-016G-U46S","SanDisk Micro SD 16GB Ultra Memory Card"
"SDSDQY-032G-U46S","SanDisk Micro SD 32BG Ultra Memory Card"
"SDSDQY-032G-U46S","SanDisk Micro SD 32BG Ultra Memory Card"
"SDSDQY-064G-UQ4","SanDisk Micro SD 64GB Ultra Memory Card"
"SDSDQY-064G-UQ4","SanDisk Micro SD 64GB Ultra Memory Card"
"SDSDU-008G-UQ46","SanDisk SDHC 8GB Ultra Class 10 Memory Card"
"SDSDU-016G-UQ46","SanDisk SDHC 16GB Ultra Class 10 Memory Card"
"SDSDU-032G-UQ46","SanDisk SDHC 32GB Ultra Class 10 Memory Card"
"SDSDU-064G-UQ46","SanDisk SDHC 64GB Ultra Class 10 Memory Card"
"SDSDX-004G-XQ46","SanDisk SDHC 4GB Extreme HD Video Memory Card"
"SDSDX-004G-XQ46","SanDisk SDHC 4GB Extreme HD Video Memory Card"
"SDSDX-008G-XQ46","SanDisk SDHC 8GB Extreme HD Video Memory Card"
"SDSDX-008G-XQ46","SanDisk SDHC 8GB Extreme HD Video Memory Card"
"SDSDX-016G-XQ46","SanDisk SDHC 16GB Extreme HD Video Memory Card"
"SDSDX-016G-XQ46","SanDisk SDHC 16GB Extreme HD Video Memory Card"
"SDSDX-032G-XQ46","SanDisk SDHC 32GB Extreme HD Video Memory Card"
"SDSDX-032G-XQ46","SanDisk SDHC 32GB Extreme HD Video Memory Card"
"SDSDXPA-008G-XQ","SanDisk SDHC 8GB 95MB/s Extreme Pro Memory Card"
"SDSDXPA-008G-XQ","SanDisk SDHC 8GB 95MB/s Extreme Pro Memory Card"
"SDSDXPA-016G-XQ","SanDisk SDHC 16GB 95MB/s Extreme Pro Memory Card"
"SDSDXPA-016G-XQ","SanDisk SDHC 16GB 95MB/s Extreme Pro Memory Card"
"SDSDXPA-032G-XQ","SanDisk SDHC 32GB 95MB/s Extreme Pro Memory Card"
"SDSDXPA-032G-XQ","SanDisk SDHC 32GB 95MB/s Extreme Pro Memory Card"
"SDSDXPA-064G-XQ","SanDisk SDHC 64GB 95MB/s Extreme Pro Memory Card"
"SDSDXPA-064G-XQ","SanDisk SDHC 64GB 95MB/s Extreme Pro Memory Card"
"SEL16F28","Sony NEX 16mm f/2.8 Lens"
"SEL18200","Sony NEX 18-200mm Lens"
"SEL1855","Sony NEX 18-55mm Lens"
"SEL24F18Z","Sony NEX 24mm f/1.8 Wide Angle Lens"
"SEL30M35","Sony NEX 30mm f/3.5 Macro Lens"
"SEL50F18","Sony NEX 50mm f/1.8 Portrait Lens"
"SEL55210","Sony NEX 55-210mm f/4.5-6.3 Zoom Lens"
"SELECTA16","AgfaPhoto Selecta 16 Digital Compact Camera"
"SF16UX","Sony 16GB SD UHS-1 Class 10 Memory Card"
"SF32UX","Sony 32GB SD UHS-1 Class 10 Memory Card"
"SF8UX","Sony 8GB SD UHS-1 Class 10 Memory Card"
"SLTA37K","Sony Alpha A37 w/18-55mm Lens Digital SLR Camera"
"SLTA37M","Sony Alpha A37 w/18-135mm Lens Digital SLR Camera"
"SLTA37TRIPKIT","Sony Alpha A37 w/50mm 18-55mm, 75-300mm, Bonus Bag & Battery Digital SLR Camera"
"SLTA37Y","Sony Alpha A37 w/18-55mm & 55-200mm Lenses Digital SLR Camera"
"SLTA57B","Sony Alpha A57 Body Digital SLR Camera"
"SLTA57K","Sony Alpha A57 w/18-55mm Lens Digital SLR Camera"
"SLTA57PTKIT","Sony Alpha A57 w/18-250mm Lens & Bonus Bag & Battery Digital SLR Camera"
"SLTA57TRIPKIT","Sony Alpha A57 w/50mm, 18-55mm & 75-300mm Lenses, Bonus Bag & Battery Digital SLR Camera"
"SLTA57Y","Sony Alpha A57 w/18-55mm & 55-200mm Lenses Digital SLR Camera"
"SLTA65ENTKIT","Sony Alpha A65 w/16-105mm Lens Enthusiast Kit Digital SLR Camera"
"SLTA65PTWINKIT","Sony Alpha A65 w/18-55mm & 75-300mm Lenses Digital SLR Camera"
"SLTA65TRIPKIT","Sony Alpha A65 w/50mm, 18-55mm & 75-300mm Lenses, Bonus Bag & Battery Digital SLR Camera"
"SLTA65VB","Sony Alpha A65 Body Digital SLR Camera"
"SLTA65VK","Sony Alpha A65 w/18-55mm Lens Digital SLR Camera"
"SLTA65VPTKIT","Sony Alpha A65 w/18-250mm Lens Bonus Battery and Bag Digital SLR Camera"
"SLTA65VY","Sony Alpha A65 w/18-55mm & 55-200mm Lenses Digital SLR Camera"
"SLTA65ZEISS","Sony Alpha A65 w/16-80mm Lens Zeiss Kit Digital SLR Camera"
"SLTA77VB","Sony Alpha A77 Body Digital SLR Camera"
"SLTA77VQ","Sony Alpha A77 w/16-50mm Lens Digital SLR Camera"
"SPO-CHBUNDLE","Speedo AQUA Bundle Aquashot DSC/Aquabeat MP3 Underwater Bundle"
"SRN3","Canon Release Cable For 600EX"
"STE3RT","Canon Speedlite Transmitter"
"SX130IS","Canon PowerShot SX130 IS Digital Compact Camera"
"SX230HSBK","Canon PowerShot SX230 HS Black Digital Compact Camera"
"SX230HSR","Canon PowerShot SX230 HS Pink Digital Compact Camera"
"SX260HSBK","Canon PowerShot SX260 HS Black Digital Compact Camera"
"SX260HSS","Canon PowerShot SX260 HS Silver Digital Compact Camera"
"SX40HS","Canon PowerShot SX40HS Digital Compact Camera"
"TS17","Canon TS-E 17mm f/4L Lens"
"TS24II","Canon TS-E 24mm f/3.5L II Lens"
"TS4528","Canon TS-E 45mm f/2.8 Lens"
"TS9028","Canon TS-E 90mm f/2.8 Lens"
"V102060BA000","Olympus SZ-31MR Black Digital Compact Camera"
"V102080BA000","Olympus SZ-14 Black Digital Compact Camera"
"V102080RA000","Olympus SZ-14 Red Digital Compact Camera"
"V102080SA000","Olympus SZ-14 Silver Digital Compact Camera"
"V104060BA000","Olympus Tough TG-820 Black Digital Compact Camera"
"V104060RA000","Olympus Tough TG-820 Red Digital Compact Camera"
"V104080RA000","Olympus Tough TG-320 Red Digital Compact Camera"
"V104080UA000","Olympus Tough TG-320 Blue Digital Compact Camera"
"V104090SA000","Olympus TG-1 Silver Digital Compact Camera"
"V105050BA000","Olympus VR-360 Black Digital Compact Camera"
"V105060BA000","Olympus VR-350 Black Digital Compact Camera"
"V105060SA000","Olympus VR-350 Silver Digital Compact Camera"
"V105060VA000","Olympus VR-350 Purple Digital Compact Camera"
"V106050BA000","Olympus VG-160 Black Digital Compact Camera"
"V106050OA000","Olympus VG-160 Orange Digital Compact Camera"
"V106050RA000","Olympus VG-160 Red Digital Compact Camera"
"V106050SA000","Olympus VG-160 Silver Digital Compact Camera"
"V106090BA000","Olympus VG-170 Black Digital Compact Camera"
"V107020BA000","Olympus SH-25MR Black Digital Compact Camera"
"V204031BA000","Olympus E-P3 w/14-42mm IIR Lens Black Compact Pro Camera"
"V204031SA000","Olympus E-P3 w/14-42mm IIR Lens Silver Compact Pro Camera"
"V204032BA000","Olympus E-P3 w/14-42mm IIR & 40-150mm R Lenses Black Compact Pro Camera"
"V204032SA000","Olympus E-P3 w/14-42mm IIR & 40-150mm R Lenses Silver Compact Pro Camera"
"V204040BA000","Olympus OM-D E-M5 Body Only Black Compact Systems Camera"
"V204040SA000","Olympus OM-D E-M5 Body Only Silver Compact Systems Camera"
"V204041BA000","Olympus OM-D E-M5 w/14-42 IIR Lens Black Compact Systems Camera"
"V204041SA000","Olympus OM-D E-M5 w/14-42 IIR Lens Silver Compact Systems Camera"
"V204042BA000","Olympus OM-D E-M5 w/ 14-42 & 40-150mm IIR Lens Black Compact System Pro"
"V204042SA000","Olympus OM-D E-M5 w/ 14-42 & 40-150mm IIR Lens Silver Compact System Pro"
"V204045BA000","Olympus OM-D E-M5 Weatherproof w/12-50mm Lens Black Compact System Camera"
"V204045SA000","Olympus OM-D E-M5 Weatherproof w/ 12-50mm Lens Silver Compact System Camera"
"V205031BA000","Olympus PEN E-PL3 Black Single w/14-42mm IIR Lens Black Compact Pro Camera"
"V205031RA000","Olympus PEN E-PL3 Red Single w/14-42mm IIR Lens Red Compact Pro Camera"
"V205031SA000","Olympus PEN E-PL3 Silver Singl w/14-42mm IIR Lens Silver Compact Pro Camera"
"V205031WA000","Olympus PEN E-PL3 White single w/14-42mm IIR Lens White Compact Pro Camera"
"V205032BA000","Olympus PEN E-PL3 Black Twin 14-42mmIIR & 40-150mm R Lenses Compact Pro Camera"
"V205032RA000","Olympus PEN E-PL3 Red Twin Kit 14-42mmIIR & 40-150mm R Lenses Compact Pro Camera"
"V205032SA000","Olympus PEN E-PL3 Silver Twin 14-42mmIIR & 40-150mm R Lenses Compact Pro Camera"
"V205032WA000","Olympus PEN E-PL3 White Twin 14-42mmIIR & 40-150mm R Lenses Compact Pro Camera"
"V206011BA000","Olympus PEN E-PM1 Black Single 14-42mm IIR Lens Compact Pro Camera"
"V206011NA000","Olympus PEN E-PM1 Brown Single 14-42mm IIR Lens Compact Pro Camera"
"V206011PA000","Olympus PEN E-PM1 Pink Single 14-42mm IIR Lens Compact Pro Camera"
"V206011SA000","Olympus PEN E-PM1 Silver 14-42mm IIR Lens Compact Pro Camera"
"V206011VA000","Olympus PEN E-PM1 Purple 14-42mm IIR Lens Compact Pro Camera"
"V206011WA000","Olympus PEN E-PM1 White Single 14-42mm IIR Lens Compact Pro Camera"
"V206012BA000","Olympus PEN E-PM1 Black Twin 14-42mmIIR & 40-150mm R Lenses Compact Pro Camera"
"V206012NA000","Olympus PEN E-PM1 Brown Twin 14-42mIIR & 40-150mm R Lenses Compact Pro Camera"
"V206012PA000","Olympus PEN E-PM1 Pink Twin 14-42mmIIR & 40-150mm R Lenses Compact Pro Camera"
"V206012SA000","Olympus PEN E-PM1 Silver Twin 14-42mIIR & 40-150mm R Lenses Compact Pro Camera"
"V206012VA000","Olympus PEN E-PM1 Purple Twin 14-42mmIIR & 40-150mm R Lenses Compact Pro Camera"
"V206012WA000","Olympus PEN E-PM1 White Twin 14-42mmIIR & 40-150mm R Lenses Compact Pro Camera"
"V311020SG000","Olympus PEN 12mm f2.0 EW-M1220 Ultra Wide Silver Lens"
"V311030SG000","Olympus 45mm f/1.8 ET-M4518 Silver Portrait Lens"
"V314040BG000","Olympus 12-50mm f/3.5-6.3 ED M.Zuiko EZ Micro 4/3 Black Lens"
"V314040SG000","Olympus 12-50mm f/3.5-6.3 ED M.Zuiko EZ Micro 4/3 Silver Lens"
"V314050BG000","Olympus PEN M.ZUIKO ED 14-42mm IIR Black Lens"
"V314050SG000","Olympus PEN M.ZUIKO ED 14-42mm IIR Silver Lens"
"V315030BG000","Olympus PEN M.ZUIKO ED 40-150mm f4-5.6 R Black Lens"
"V315030SG000","Olympus PEN M.ZUIKO ED 40-150mm f4-5.6 R Silver Lens"
"V321170BW000","Olympus TCON-17X Black Tele Converter Lens"
"V322120BW000","Olympus CLA-12 Conversion Lens Adaptor for XZ-1"
"V326110SG000","Olympus FL-300R External Flash"
"V3261300G000","Olympus FL-600R Wireless Flash w/ light"
"V3281300G000","Olympus HLD-6 Battery Grip Holder"
"V329110SG000","Olympus VF-3 Viewfinder"
"V332020BW000","Olympus MCG-2 Grip for E-P3"
"V406151TE000","Olympus WS-812 Voice Recorder"
"V501011EG000","Olympus 8x25 Waterproof II Binocular Green"
"V501012BG000","Olympus 10x25 II Waterproof Binoculars Black"
"V501013EG000","Olympus 8x21 RC II Waterproof Green Binocular"
"V501013RG000","Olympus 8x21 RC II Waterproof Magenta Binocular"
"V501013UG000","Olympus 8x21 RC II Waterproof Blue Binocular"
"V501014DG000","Olympus 10x21 RC II Waterproof Binocular"
"V501016BG000","Olympus 10x42 EX Waterproof I Binocular"
"V600055UW000","Olympus CSCH-92 Tough Action Case"
"V601051BW000","Olympus E-P3 Leather Case Black"
"V601051NW000","Olympus E-P3 Leather Case Brown"
"V601058BW000","Olympus CS-36FBC Case For OM-D E-M5"
"V611034BW000","Olympus GS-4 Grip Strap Accessory"
"V6300510A000","Olympus PT-EP05L for E-PL3 Underwater Housing"
"V6300520A000","Olympus PT-EP06L for E-PM1 Underwater Housing"
"V6300540A000","Olympus PT-052 for TG-820 Underwater Housing"
"VAK16301","Nikon MB-D80 Battery Grip"
"VAK16801","Nikon MB-D10 Battery Pack"
"VAW13403","Nikon EN-EL3e Battery"
"VAW18101","Nikon MC-DC1 Remote"
"VAW18201","Nikon EN-EL8 Battery"
"VBA220AH","Nikon D700 Body Only Digital SLR Camera"
"VBA230AH","Nikon D90 Body Only Digital SLR Camera"
"VBA280AH","Nikon D3100 Body Only Digital SLR Camera"
"VBA290AH","Nikon D7000 Body Only Digital SLR Camera"
"VBA300AH","Nikon D800 Body Digital DSLR Camera"
"VBA301AH","Nikon D800E Body Digital DSLR Camera"
"VBA320AH","Nikon D4 Body Digital DSLR Camera"
"VBA330AH","Nikon D3200 Body Black Digital SLR Camera"
"VBA331AH","Nikon D3200 Body Red Digital SLR Camera"
"VBK330XH","Nikon D3200 18-55mm VR Black Digiatl SLR Camera"
"VBK331XH","Nikon D3200 18-55mm VR Red Digital SLR Camera"
"VBW30001","Nikon ME-1 Microphone Accessories"
"VEB01501","Nikon J1 EP-5C Power Connector"
"VFB10201","Nikon EN-EL9 Battery"
"VFB10401","Nikon EN-EL12 battery"
"VFB10602","Nikon EN-EL14 Battery"
"VFB10702","Nikon EN-EL15 Battery"
"VFB11101","Nikon EN-EL19 Battery"
"VFB11201","Nikon J1 EN-EL20 Battery"
"VFC00101","Nikon MB-D11 Battery Pack"
"VGC70AM","Sony VG-C70AM Vertical Grip"
"VGC77AM","Sony Battery Grip for A77 Battery"
"VHR1400","Contour GPS Wearable Shoot and Share"
"VHR1500","Contour Plus Camera Inc Connect View Card"
"VHR1600","Contour Roam Shoot and Share"
"VHR2150","Contour Flat Surface Mount"
"VHR2250","Contour Flat Surface Mount Adhesive"
"VHR2350","Contour Rechargeable Battery For HD & GPS"
"VHR2450","Contour Universal Wall Charger"
"VHR2550","Contour Vented Helmet Mount"
"VHR2650","Contour Goggle Strap Mount"
"VHR2755","Contour Flex Strap Mount"
"VHR2780","Contour Bar Mount"
"VHR2810","Contour Windshield Mount"
"VHR2900","Contour Car Charger"
"VHR3100","Contour Universal Mount Adaptor"
"VHR3200","Contour Carry Case"
"VHR3320","Contour GPS Green Waterproof Case"
"VHR3321","Contour GPS Black Waterproof Case"
"VHR3325","Contour Plus Waterproof Case"
"VHR3330","Contour Roam Waterproof Case"
"VHR3400","Contour Lens Kit"
"VHR3555","Contour Surf Mount"
"VHR3560","Contour Surf Mount Foot"
"VHR3610","Contour Headband Mount"
"VHR3800","Contour Roll Bar Mount"
"VHR4000","Contour Connect View Card"
"VHR4110","Contour Left Profile Mount"
"VHR4160","Contour Right Profile Mount"
"VHR6210","Contour Snow Pack"
"VHR6220","Contour Bike Mounts"
"VMA480HD","Nikon Coolpix S70 Black Digital Compact Camera"
"VMA650HD","Nikon Coolpix S80 Silver Digital Compact Camera"
"VMA851HA","Nikon Coolpix S8200 Black Digital Compact Camera"
"VMA852HA","Nikon Coolpix S8200 Red Digital Compact Camera"
"VMA860HA","Nikon S6200 Silver Coolpix Digital Compact Camera"
"VMA861HA","Nikon S6200 Black Coolpix Digital Compact Camera"
"VMA865HA","Nikon S6200 White Coolpix Digital Compact Camera"
"VMA871HA","Nikon S100 Black Coolpix Digital Compact Camera"
"VMA872HA","Nikon S100 Red Coolpix Digital Compact Camera"
"VMA891HA","Nikon Coolpix AW100 Black Waterproof Digital Compact Camera"
"VMA893HA","Nikon Coolpix AW100 Orange Waterproof Digital Compact Camera"
"VMA894HA","Nikon Coolpix AW100 Camouflage Waterproof Digital Compact Camera"
"VMA895HA","Nikon Coolpix AW100 Blue Waterproof Digital Compact Camera"
"VMA900HA","Nikon Coolpix P310 Black Compact Digital Camera"
"VMA901HA","Nikon Coolpix P310 White Compact Digital Camera"
"VMA910HA","Nikon Coolpix P510 Silver Compact Digital Camera"
"VMA911HA","Nikon Coolpix P510 Black Compact Digital Camera"
"VMA912HA","Nikon Coolpix P510 Red Compact Digital Camera"
"VMA921HA","Nikon Coolpix S9300 Black Compact Digital Camera"
"VMA931HA","Nikon Coolpix S6300 Black Compact Digital Camera"
"VMA943HA","Nikon Coolpix S4300 Blue Compact Digital Camera"
"VMA944HA","Nikon Coopix S4300 White Compact Digital Camera"
"VMA945HA","Nikon Coopix S4300 Purple Compact Digital Camera"
"VMA950HA","Nikon Coolpix S3300 Silver Compact Digital Camera"
"VMA952HA","Nikon Coolpix S3300 Red Compact Digital Camera"
"VMA954HA","Nikon Coolpix S3300 Purple Compact Digital Camera"
"VMA955HA","Nikon Coolpix S3300 Pink Compact Digital Camera"
"VMA961HA","Nikon Coolpix S2600 Black Compact Digital Camera"
"VMA962HA","Nikon Coolpix S2600 Red Compact Digital Camera"
"VMA963HA","Nikon Coolpix S2600 Blue Compact Digital Camera"
"VMA966HA","Nikon Coolpix S2600 Purple Compact Digital Camera"
"VMA970HA","Nikon Coolpix L810 Black Compact Digital Camera"
"VMA971HA","Nikon Coolpix L810 Red Compact Digital Camera"
"VMA973HA","Nikon Coolpix L810 Blue Compact Digital Camera"
"VMA991HA","Nikon Coolpix L25 Black Compact Digital Camera"
"VMA993HA","Nikon Coolpix L25 Red Compact Digital Camera"
"VNA111HA","Nikon Coolpix S30 White Water Resistant Compact Digital Camera"
"VNA112HA","Nikon Coolpix S30 Pink Water Resistant Compact Digital Camera"
"VNA113HA","Nikon Coolpix S30 Blue Water Resistant Compact Digital Camera"
"VNA141HA","Nikon Coolpix S9200 Navy Compact Digital Camera"
"VPC-CG10EXP","Sanyo VPC-CG10P Pink Digital Video Camera"
"VPC-CS1TAP","Sanyo VPC-CS1 Pink Digital Video Camera"
"VPC-GH1TAP","Sanyo VPC-GH1 Pink Digital Video Camera"
"VVK101ZH","Nikon 1 V1 Twin Kit Black 10-30mm & 30-110mm Lenses Compact Pro Camera"
"VVK102ZH","Nikon 1 V1 Twin Kit White 10-30mm & 30-110mm Lenses Compact Pro Camera"
"VVK151XH","Nikon 1 J1 w/10-30mm Black Compact Pro Camera"
"VVK151YH","Nikon 1 J1 w/10mm f2.8 Black Compact Pro Camera"
"VVK151ZH","Nikon 1 J1 Twin Kit Black w/10-30mm & 30-110mm Lenses Compact Pro Camera"
"VVK152XH","Nikon 1 J1 w/10-30mm White Compact Pro Camera"
"VVK152YH","Nikon 1 J1 w/10mm f2.8 White Compact Pro Camera"
"VVK152ZH","Nikon 1 J1 Twin Kit White w/10-30mm & 30-110mm Lenses Compact Pro Camera"
"VVK153ZH","Nikon 1 J1 Twin Kit Pink w/ 10-30mm & 30-110mm Lens Compact System Pro"
"VVK154XH","Nikon 1 J1 w/10-30mm Silver Compact System Pro"
"VVK155XH","Nikon 1 J1 w/10-30mm Red Compact Pro Camera"
"VVW00201","Nikon Grip for V1 Black External Grip"
"VVW00202","Nikon Grip for V1 White External Grip"
"VVW00301","Nikon Grip for J1 Black External Grip"
"VVW00302","Nikon Grip for J1 White External Grip"
"VW-BN01E","Panasonic VW-BN01E DVD Burner"
"VW-CLT1E-H","Panasonic VW-CTL1 3D Lens"
"VW-VBK180","Panasonic VW-VBK180 Battery"
"VW-VBK360","Panasonic VW-VBK360 Battery"
"VW-VBX070E-W","Panasonic Battery for HX-WA10 Battery"
"VW-VMS2E","Panasonic VW-VMS2E Stereo Microphone"
"VWD004BW","Nikon 1 GPS Unit Black"
"VWD004CW","Nikon 1 GPS Unit White"
"WC206080","Tasco World Class 20-60x80 Spotting Scope"
"WPDC310L","Canon WPDC310L Underwater Case Suits IXUS115IS"
"WPDC34","Canon WP-DC34 Underwater Housing G11"
"WPDC44","Canon Underwater Housing for G1X"
"WPDC46","Canon WPDC46 Underwater Case Suits SX240HS & SX260HS"
"Z340","Polaroid Z340 Instant Digital Black Camera"
