Category,SKU,Name
Fences- Wireless,PIF00-12917,Stay + Play Wireless Fence
Fences- Wireless,PIF-300,Wireless Containment System
Fences- In-Ground,PIG00-10773,Deluxe Little Dog In-Ground Fence™
Fences- In-Ground,PRF-304W,Deluxe In-Ground Fence™
Fences- In-Ground,PIG00-10777,Stubborn Dog In-Ground Fence™
Fences- In-Ground,PRF-3004W,In-Ground Fence®
Fences- In-Ground,PIG00-11007,Deluxe In-Ground Cat Fence System
Fences- Chain Link Kennels,HBK11-10977,2-in-1 Dog Kennel
Fences- Chain Link Kennels,75754,DIY Box Kennel 7.5'w x 7.5'd x 4'h
Fences- Chain Link Kennels,75756,DIY Box Kennel 7.5'w x 7.5'd x 6'h 
Fences- Chain Link Kennels,7126,DIY Box Kennel 7'w x 12'd x 6'h
Fences- Chain Link Kennels,75136,DIY Box Kennel 7.5'w x 13'd x 6'h
Fences- Chain Link Kennels,HBK19-11925,DIY Box Kennel 10'w x 10'd x 6'h
Fences- Chain Link Kennels,HBK11-11926,DIY Box Kennel 10'w x 10'd x 6'h
Fences- Welded Wire Kennels,HBK11-11799,Cottageview Dog Kennel™
Fences- Welded Wire Kennels,HPK11-11288,Grandview Dog Kennel™
Doors,P2-SW-11,Quick Fit Pet Door- Small
Doors,P2-MW-11,Quick Fit Pet Door- Medium
Doors,P2-LW-11,Quick Fit Pet Door- Large
Doors,PPDS-11,Ultimate Pet Door- Small
Doors,PPDM-11,Ultimate Pet Door- Medium
Doors,PPA00-10958,Plastic Pet Door- Small
Doors,PPA00-10959,Plastic Pet Door- Medium
Doors,PPA00-10960,Plastic Pet Door- Large
Doors,PPA00-10961,Plastic Pet Door- Extra Large
Doors,AF00-201-11,Classic Pet Door- Small (Satin)
Doors,AK00-601-11,Classic Pet Door- Small (White)
Doors,AF10-201-11,Classic Pet Door- Medium (Satin)
Doors,AK10-601-11,Classic Pet Door- Medium (White)
Doors,AF30-201-11,Classic Pet Door- Large (Satin)
Doors,AK30-601-11,Classic Pet Door- Large (White)
Doors,AF50-201-11,Classic Pet Door- Ex Large (Satin)
Doors,AK50-601-11,Classic Pet Door- Ex Large (White)
Doors,PPA00-10859,Freedom™ Aluminum Pet Door- Small
Doors,PPA00-10860,Freedom™ Aluminum Pet Door- Medium
Doors,PPA00-10861,Freedom™ Aluminum Pet Door- Large
Doors,PPA00-10862,Freedom™ Aluminum Pet Door- Extra Large
Doors,PPA00-10984,Extreme Weather Door- Small
Doors,PPA00-10985,Extreme Weather Door- Medium
Doors,PPA00-10986,Extreme Weather Door- Large
Doors,RPA00-12510,Panel Pet Door Insert™- Gray
Doors,RPA00-12116,Panel Pet Door Insert™- White
Doors- Wall Entry,PPA11-10915,Wall Entry Aluminum Pet Door™- Small
Doors- Wall Entry,PPA11-10916,Wall Entry Aluminum Pet Door™- Medium
Doors- Wall Entry,PPA11-10917,Wall Entry Aluminum Pet Door™- Large
Doors- Patio Entry,AA01-211-11,"Deluxe Patio Pet Panel- Small Satin 81"""
Doors- Patio Entry,AR01-311-11,"Deluxe Patio Pet Panel- Small Bronze 81"""
Doors- Patio Entry,AA11-211-11,"Deluxe Patio Pet Panel- Medium Satin 81"""
Doors- Patio Entry,AR11-311-11,"Deluxe Patio Pet Panel - Medium Bronze 81"""
Doors- Patio Entry,AR11-611-11,"Deluxe Patio Pet Panel - Medium White 81"""
Doors- Patio Entry,AA31-211-11,"Deluxe Patio Pet Panel- Large Satin 81"""
Doors- Patio Entry,AR31-311-11,"Deluxe Patio Pet Panel- Large Bronze 81"""
Doors- Patio Entry,AR31-611-11,"Deluxe Patio Pet Panel- Large White 81"""
Doors- Patio Entry,AA41-211-11,"Deluxe Patio Pet Panel Satin Large- Tall 81"""
Doors- Patio Entry,AR41-311-11,"Deluxe Pet Panel - Large-Tall Bronze 81"""
Doors- Patio Entry,AR41-611-11,"Deluxe Pet Panel - Large-Tall White 81"""
Doors- Patio Entry,AR32-611-11,"Deluxe Patio Pet Panel- Large White 96"""
Doors- Patio Entry,AR42-211-11,"Deluxe Pet Patio Panel- Large- Tall Satin Large 96"""
Doors- Patio Entry,AR42-311-11,"Deluxe Pet Patio Panel- Large-Tall Bronze 96"""
Doors- Patio Entry,AR42-611-11,"Deluxe Patio Pet Panel- Large- Tall White 96"""
Doors- Patio Entry,PPA11-13098,"Freedom Patio Panels- Small Satin 81"""
Doors- Patio Entry,PPA11-13123,"Freedom Patio Panels- Small Bronze 81"""
Doors- Patio Entry,PPA11-13124,"Freedom Patio Panels- Small White 81"""
Doors- Patio Entry,PPA11-13134,"Freedom Patio Panels- Medium Satin 81"""
Doors- Patio Entry,PPA11-13125,"Freedom Patio Panels- Medium Bronze 81"""
Doors- Patio Entry,PPA11-13135,"Freedom Patio Panels- Medium White 81"""
Doors- Patio Entry,PPA11-13121,"Freedom Patio Panels- Large Satin 81"""
Doors- Patio Entry,PPA11-13128,"Freedom Patio Panels- Large Bronze 81"""
Doors- Patio Entry,PPA11-13129,"Freedom Patio Panels- Large White 81"""
Doors- Patio Entry,PPA11-13122,"Freedom Patio Panels- Large- Tall Satin 81"""
Doors- Patio Entry,PPA11-13131,"Freedom Patio Panels- Large- Tall Bronze 81"""
Doors- Patio Entry,PPA11-13132,"Freedom Patio Panels- Large- Tall White 81"""
Doors- Patio Entry,PPA11-13127,"Freedom Patio Panels- Medium White 96"""
Doors- Patio Entry,PPA11-13130,"Freedom Patio Panels- Large White 96"""
Doors- Patio Entry,PPA11-13141,"Freedom Patio Panels- Large-Tall White 96"""
Doors- Patio Entry,P1-ZB-11,Pet Screen Door
Doors- Electronic,PPA11-10711,Electronic Smart Door™- Small
Doors- Electronic,PPA11-10709,Electronic Smart Door™- Large
Doors- Electronic,MPA00-11593,Smart Pet Doorbell™
Doors- Cat,CC10-050-11,2-Way Locking Cat Door
Doors- Cat,P1-4W-11,4-Way Locking Cat Door
Doors- Cat,PPA00-11325,4-Way Locking Cat Door with Tunnel
Doors- Cat,PPA00-11326,Big Cat Door
Doors- Cat,PPA00-11324,Magnetic Cat Door
Remote Training- Spray,PDT00-11234,Remote Spray Trainer
Remote Training- Static,PDT00-11875,"Venture Series Little Dog Remote Trainer, 400 Yard"
Remote Training- Static,PDT00-11876,Venture Series Big Dog Remote Trainer 1000 Yard
Remote Training- Static,PDT00-10867,Deluxe Little Dog Remote Trainer
Remote Training- Static,PDBDT-305,Big Dog Remote Trainer
Remote Training- Static,PDLDT-305,Little Dog Remote Trainer
Remote Training- Static,PDT00-12470,Yard and Park Remote Trainer
Remote Training- Static,PDT00-11877,Venture Series Long Range Remote Trainer
Remote Training- Ultrasonic,PUPT-100-19,Ultrasonic Remote Trainer
Remote Training- Vibration,PDT00-12892,Remote Trainer with Vibration
Remote Training- Vibration,PDT00-12894,Remote Trainer with Vibration PLUS
Training-Agility,PDT00-11029,3-Foot Closed Tunnel- Beginner
Training-Agility,PDT00-11030,10-Foot Open Tunnel- Beginner
Training-Agility,PDT00-11031,Bar Jump- Intermediate
Training-Agility,PDT00-11033,Ring Jump- Intermediate
Training-Agility,PDT00-11032,Weave Poles- Advanced
Training-Agility,PDT00-11034,Weave Poles Guides- Advanced
Bark Control- Spray,PBC00-11005,"Big Dog Spray Bark Control, Comfort Fit"
Bark Control- Spray,PBC00-12724,"Big Dog Spray Bark Control, Customizable"
Bark Control- Spray,PBC00-12104,Deluxe Anti-Bark Spray Collar
Bark Control- Spray,PBC00-11283,Deluxe Little Dog Spray Bark Control
Bark Control- Static,PBC00-12725,"Deluxe Big Dog Bark Control, Customizable"
Bark Control- Static,PBC-302,Bark Control Collar
Bark Control- Static,PBC-102,Bark Control Collar
Bark Control- Static,PDBC-300,Deluxe Bark Control
Bark Control- Static,PBC00-12726,"Deluxe Little Dog Bark Control, Customizable"
Bark Control- Ultrasonic,PUSB-300,UltraLight™ Sonic Bark Control
Bark Control- Vibration,PBC00-12789,Vibration Bark Control Collar
Bark Control- Deterrents,PBC00-12788,Deluxe Outdoor Bark Control
Bark Control- Deterrents,PBC00-11216,Outdoor Bark Control
Bark Control- Deterrents,PBC-1000,"Indoor Bark Control, Ultrasonic"
Pet Proofing,PDT00-11312,Pawz Away® Spray Deterrent
Pet Proofing,PIRF-100,Indoor Radio Fence Transmitter
Pet Proofing,ZND-1200,Pawz Away® Indoor Pet Barrier
Pet Proofing,PDT00-11318,"Pawz Away® Mat 12"" x 60"""
Pet Proofing,PDT00-11319,"Pawz Away® Mat 24"" x 48"""
Pet Proofing,SKM-C441,"ScatMat - Strip 46""x3"""
Pet Proofing,SKM-C421,"ScatMat- Medium 30"" x 16"""
Pet Proofing,SKM-C411,"ScatMat- Large 48"" x 20"""
Pet Proofing,SKM-C472,"ScatMat - Couch size 12""x60"""
Pet Proofing,PWF00-11923,Pawz Away® Outdoor Pet Barrier
Food/Water- Feeders,PF2-19,2-Meal Pet Feeder
Food/Water- Feeders,PF5-11,5-Meal Pet Feeder
Food/Water- Feeders,PFD17-11858,Healthy Pet Food Station™- Small
Food/Water- Feeders,PFD17-11859,Healthy Pet Food Station™- Medium
Food/Water- Feeders,PFD17-11860,Healthy Pet Food Station™- Large
Food/Water- Feeders,TOY00001,SlimCat™ Interactive Feeder- Blue
Food/Water- Feeders,TOY00002,SlimCat™ Interactive Feeder- Green
Food/Water- Feeders,TOY00003,SlimCat™ Interactive Feeder- Orange
Food/Water- Feeders,TOY00004,SlimCat™ Interactive Feeder- Pink
Food/Water- Fountains,PFD17-11854,Healthy Pet Water Station™- Small
Food/Water- Fountains,PFD17-11855,Healthy Pet Water Station™- Medium
Food/Water- Fountains,PFD17-11856,Healthy Pet Water Station™- Large
Food/Water- Fountains,PFD17-12904,Drinkwell® hy·drate™- Fresh Blue
Food/Water- Fountains,PFD17-12903,Drinkwell® hy·drate™- Ice White
Food/Water- Fountains,PFD17-12901,Drinkwell® hy·drate™- White
Food/Water- Fountains,PFD17-12902,Drinkwell® hy·drate™- Healthy Blue
Food/Water- Fountains,HGO,Drinkwell Hydro-Go Pet Canteen
Food/Water- Fountains,DMLT-CER,Drinkwell Lotus Fountain
Food/Water- Fountains,FCB-RE,Drinkwell Original Fountain
Food/Water- Fountains,DMLR-PLAS,Drinkwell Multi-Tier Fountain
Food/Water- Fountains,D2VVI-RE,Drinkwell Platinum Fountain
Food/Water- Fountains,D360-RE,Drinkwell 360 Fountain- Plastic
Food/Water- Fountains,D360SS-RE,Drinkwell 360 Fountain- Stainless Steel
Food/Water- Fountains,DOGC-RE,Drinkwell Big Dog Fountain
Beds- Bed,PWB00-10900,Heated Wellness Bed- Small
Beds- Sleeper,PCU00-10911,Heated Wellness Sleeper™- Small
Beds- Sleeper,PCU00-10912,Heated Wellness Sleeper™- Medium
Beds- Sleeper,PCU00-10913,Heated Wellness Sleeper™- Large
Beds- Sleeper,PCU00-11249,Heated Wellness Sleeper™- Mini
Beds- Cushion,PHP17-11666,Heated Wellness Cushion™- Little Dog
Beds- Cushion,PHP17-11667,Heated Wellness Cushion™- Big Dog
Beds- Pad,PHP00-10890,Heated Pet Pad™ Small Dog
Beds- Pad,PHP00-10891,Heated Pet Pad™ Medium
Beds- Pad,PHP00-10892,Heated Pet Pad- Large
Beds- Warmer,PHP00-11248,Universal Pet Warmer
Litter Box,PAL17-10786,Simply Clean™ Litter Box System
Litter Box,LB3P,Litter Buddy
Treats,PPT00-13186,Lickety Stik- Savory Chicken
Treats,PPT00-13187,Lickety Stik- Braised Liver
Treats,PPT00-13188,Lickety Stik- Smoky Bacon
Treats,PPT00-13507,Lickety Stik 3-Pack
Clearance- Collars,PSC19-11891,cinch-it® dog collar by PetSafe (22'' Jet Black)
Clearance- Collars,PSC19-11897,cinch-it® dog collar by PetSafe (26'' Jet Black)
Clearance- Collars,PSC19-11892,cinch-it® dog collar by PetSafe (22'' Ice Blue)
Clearance- Collars,PSC19-11898,cinch-it® dog collar by PetSafe (26'' Ice Blue)
Clearance- Collars,PSC19-11893,cinch-it® dog collar by PetSafe (22'' Lime Green)
Clearance- Collars,PSC19-11899,cinch-it® dog collar by PetSafe (26'' Lime Green)
Clearance- Collars,PSC19-11895,cinch-it® dog collar by PetSafe (22'' Orange Peel)
Clearance- Collars,PSC19-11901,cinch-it® dog collar by PetSafe (26'' Orange Peel)
Clearance- Collars,PSC19-11894,cinch-it® dog collar by PetSafe (22'' So Pink)
Clearance- Collars,PSC19-11900,cinch-it® dog collar by PetSafe (26'' So Pink)
Clearance- Collars,PSC19-11896,cinch-it® dog collar by PetSafe (22'' Fire Engine Red)
Clearance- Collars,PSC19-11902,cinch-it® dog collar by PetSafe (26'' Fire Engine Red)
Clearance- Agility,PBY-305,3-Foot Tunnel Chute- Beginner
Clearance- Fences- Wireless,XWF15-11801,Wireless Pet Containment System - Refurbished
Accessories- Training/Bark/Proofing,PAC19-11883,Unscented Spray Refill
Accessories- Training/Bark/Proofing,PAC19-12069,Citronella Spray Refill
Accessories- Training/Fences,PAC00-12122,FlexContact
Accessories- Training,PDT00-11951,Venture Series Little Dog Add-A-Dog
Accessories- Training,PDT00-11952,Venture Series Big Dog Add-A-Dog
Accessories- Bark Control,PAC00-12728,PetSafe Skins - Blue Collar and Skin for Big Dog Spray Bark Control
Accessories- Bark Control,PAC00-12729,PetSafe Skins - Pink Collar and Skin for Big Dog Spray Bark Control
Accessories- Bark Control,PAC00-12774,PetSafe Skins - Orange Collar and Skin for Big Dog Spray Bark Control
Accessories- Bark Control,PAC00-12775,PetSafe Skins - Green Collar and Skin for Big Dog Spray Bark Control
Accessories- Bark Control,PAC00-12727,PetSafe Skins - Red Collar and Skin for Big Dog Spray Bark Control
Accessories- Bark Control,PAC00-12731,PetSafe Skins - Blue Collar and Skin for Deluxe Big Dog Bark Control
Accessories- Bark Control,PAC00-12732,PetSafe Skins - Pink Collar and Skin for Deluxe Big Dog Bark Control
Accessories- Bark Control,PAC00-12776,PetSafe Skins - Orange Collar and Skin for Deluxe Big Dog Bark Control
Accessories- Bark Control,PAC00-12777,PetSafe Skins - Green Collar and Skin for Deluxe Big Dog Bark Control
Accessories- Bark Control,PAC00-12730,PetSafe Skins - Red Collar and Skin for Deluxe Big Dog Bark Control
Accessories- Bark Control,PAC00-12734,PetSafe Skins - Blue Collar and Skin for Deluxe Little Dog Bark Control
Accessories- Bark Control,PAC00-12735,PetSafe Skins - Pink Collar and Skin for Deluxe Little Dog Bark Control
Accessories- Bark Control,PAC00-12778,PetSafe Skins - Orange Collar and Skin for Deluxe Little Dog Bark Control
Accessories- Bark Control,PAC00-12779,PetSafe Skins - Green Collar and Skin for Deluxe Little Dog Bark Control
Accessories- Bark Control,PAC00-12733,PetSafe Skins - Red Collar and Skin for Deluxe Little Dog Bark Control
Accessories- Proofing,RFA-377,Pawz Away® Extra Receiver Collar
Accessories- Proofing,RFA-378,Pawz Away® Extra Outdoor Pet Barrier
Accessories- Proofing,RFA-394,"Boundary Wire Spool, 150'"
Accessories- Proofing,SKM-C411E,"ScatMat Extension Mat- Large (48"" x 20"")"
Accessories- Proofing,SKM-C421E,"ScatMat Extension Mat-Medium (30"" x 16"")"
Accessories- Proofing,SKM-PA,ScatMat Power Adaptor
Accessories- Proofing,ZND-1000,Pawz Away® Extra Indoor Pet Barrier
Accessories- Doors,PAC11-10863,Pet Door Installation Kit
Accessories- Doors,MPA00-12891,Patio Panel Kit for Recessed Door Frame Installation
Accessories- Doors,MPA00-12826,Snap-On Closing Panel- Small
Accessories- Doors,MPA00-12827,Snap-On Closing Panel- Medium
Accessories- Doors,MPA00-12828,Snap-On Closing Panel- Large
Accessories- Doors,CPA00-11835,Classic Closing Panel - Small
Accessories- Doors,CPA00-11836,Classic Closing Panel - Medium
Accessories- Doors,CPA00-11837,Classic Closing Panel - Large
Accessories- Doors,CPA00-11838,Classic Closing Panel - X-Large
Accessories- Doors,CPA00-11831,Ultimate Closing Panel - Small
Accessories- Doors,CPA00-11833,Ultimate Closing Panel - Medium
Accessories- Doors,CPA00-11834,Ultimate Closing Panel - Large
Accessories- Doors,CPA00-11832,Ultimate Closing Panel - X-Large
Accessories- Doors,MPA00-11824,Extreme Weather Pet Door™ Hardware Kit
Accessories- Doors,MPA00-12664,Extreme Weather Pet Door™ Core Cover Kit- Small
Accessories- Doors,MPA00-12665,Extreme Weather Pet Door™ Core Cover Kit- Medium
Accessories- Doors,MPA00-12666,Extreme Weather Pet Door™ Core Cover Kit- Large
Accessories- Doors,PAC11-11045,Electronic SmartKey™ for the Electronic SmartDoor™
Accessories- Doors,MPA00-11615,Cat Door Hardware Kit
Accessories- Doors,MPA00-11385,Big Cat Door Hardware Kit
Accessories- Doors,RPA00-12746,Panel Blank Insert (door repair)
Accessories- Door Flaps,S-VA-11,Ultimate Replacement Flap - Small (two piece)
Accessories- Door Flaps,M-VA-11,Ultimate Replacement Flap - Medium (two piece)
Accessories- Door Flaps,X-VA-11,Ultimate Replacement Flap - X-Large (two piece)
Accessories- Door Flaps,4-0110-11,Classic Replacement Flap - Small (one piece)
Accessories- Door Flaps,4-0111-11,Classic Replacement Flap - Medium (one piece)
Accessories- Door Flaps,4-0113011,Classic Replacement Flap - Large (one piece)
Accessories- Door Flaps,A04026-4-11,Classic Replacement Flap - X-Large (one piece)
Accessories- Door Flaps,PAC11-11037,Small Replacement Flap
Accessories- Door Flaps,PAC11-11038,Medium Replacement Flap
Accessories- Door Flaps,PAC11-11039,Large Replacement Flap
Accessories- Door Flaps,PAC11-11040,X-Large Replacement Flap
Accessories- Door Flaps,RFA-104-11,Quick Fit Replacement Flap - Small
Accessories- Door Flaps,RFA-103-11,Quick Fit Replacement Flap - Medium
Accessories- Door Flaps,RFA-102-11,Quick Fit Replacement Flap - Large
Accessories- Door Flaps,CPA00-11835,Classic Closing Panel - Small
Accessories- Door Flaps,MPA00-12817,Extreme Weather Pet Door™ Insulated Replacement Flap Kit- Small
Accessories- Door Flaps,MPA00-12818,Extreme Weather Pet Door™ Insulated Replacement Flap Kit- Medium
Accessories- Door Flaps,MPA00-12819,Extreme Weather Pet Door™ Insulated Replacement Flap Kit- Large
Accessories- Door Flaps,4-0112-11,Instant Pet Panel Flap- Med/Tall
Accessories- Fences- Receivers,PIF-275-19,Extra Wireless Fence Receiver Collar
Accessories- Fences- Receivers,PIF00-12918,Stay + Play Wireless Receiver Collar
Accessories- Fences- Receivers,PUL-250,In-Ground  UltraLight™ Receiver Collar
Accessories- Fences- Receivers,PRF-275-19,Stubborn Dog Receiver Collar
Accessories- Fences- Receivers,PUL-275,In-Ground Deluxe UltraLight™ Receiver Collar
Accessories- Fences- Receivers,PIG00-10778,Deluxe Little Dog In-Ground Fence™ Receiver Collar
Accessories- Fences- Receivers,PIG00-11006,Deluxe In-Ground Cat Fence Receiver
Accessories- Fences,RFA-281,Fencing Collars Accessory Pack 
Accessories- Fences,RFA-463,Stay + Play Receiver Charger
Accessories- Fences,RFA-2,"Boundary flags, bundle of 50"
Accessories- Fences,RFA-1,Exra Boundary Wire
Accessories- Fences,PRFA-500,Extra Wire & Flag Kit
Accessories- Fences,LP-4100-1,Surge Protector for Fence Systems
Accessories- Fences,IF-100,Extra Wireless Fence Transmitter
Accessories- Fences,RFA-50,Boundary Wire Break Locator
Accessories- Fences- Kennels,900672,Anchor Kit
Accessories- Fences- Kennels,HKA11-12075,Healthy Pet Kennel Station
Accessories- Fences- Kennels,HKA11-12076,Healthy Pet Revolving Kennel Station
Accessories- Fences- Kennels,HBK11-11800,Cottageview Expansion Panels
Accessories- Fences- Kennels,HKA11-11927,Grandview Dog Kennel Roof
Accessories- Fences- Kennels,HKA11-11462,The SunBlock Top™ 5'x10'
Accessories- Fences- Kennels,HKA11-11123,The SunBlock Top™ - 5'x15'
Accessories- Fences- Kennels,900904,The SunBlock Top™ - 6'x8'
Accessories- Fences- Kennels,900841,The SunBlock Top™ - 7'x12'
Accessories- Fences- Kennels,900669,The SunBlock Top™ - 7.5'x7.5'
Accessories- Fences- Kennels,900668,The SunBlock Top™ - 7.5'x13'
Accessories- Fences- Kennels,900901,The SunBlock Top™ - 10'x10'
Accessories- Fences- Kennels,9007513,E-Z Roof - 7.5'x13'
Accessories- Fences- Kennels,9001010,E-Z Roof - 10'x10'
Accessories- Fences- Kennels,HKA11-12704,Universal Roof for kennels
Accessories- Filters,PFD17-11867,Healthy Pet Water Filter™ 2-Pack
Accessories- Filters,PDF17-12905,Drinkwell® hy·drate™- Filters- 3 Pack for all hy·drate™ products
Accessories- Filters,PAC00-13067,Drinkwell Charcoal Replacement Filters- 3 Pack
Accessories- Filters,PAC00-13070,Drinkwell Premium Charcoal Filters- 3 Pack
Accessories- Filters,CKPH,Drinkwell Fountain Cleaning Kit
Accessories- Filters,AG,Drinkwell Aqua Garden
Accessories- Filters,AGSP2P,Drinkwell Aqua Garden Replacement Seed Pods
Accessories- Filters,RACB-RE,Drinkwell Original 50oz Additional Capacity Reservoir
Accessories- Filters,RACBPLUS-RE,Drinkwell Original 70oz Additional Capacity Reservoir
Accessories- Filters,PAC00-13103,Drinkwell Original 50oz Replacement Reservoir
Accessories- Filters,PAC0013104,Drinkwell Original 70oz Replacement Reservoir
Accessories- Filters,MAT-ORG,Drinkwell® Original Fountain Mat
Accessories- Filters,PAC00-13107,Drinkwell Original Flow Adjustment Kit
Accessories- Filters,PAC00-13108,Drinkwell Original Pump Kit
Accessories- Filters,PAC00-13106,Drinkwell Original Replacement Lid
Accessories- Filters,PAC00-13205,Drinkwell Original Replacement Pump
Accessories- Filters,PAC00-13109,Drinkwell Platinum Replacement Lid
Accessories- Filters,PAC00-13111,Drinkwell Platinum Replacement Reservoir
Accessories- Filters,MAT-D2,Drinkwell® Platinum Fountain Mat
Accessories- Filters,PAC00-13204,Drinkwell Platinum Pump Kit
Accessories- Filters- 360 Plastic,PAC00-13069,Drinkwell 360 Charcoal Filters- 3 Pack
Accessories- Filters- 360 Plastic,PAC00-13069,Drinkwell 360 Replacement Pre-Filters- 2 Pack
Accessories- Filters- 360 Plastic,MAT-D360,Drinkwell® 360 Fountain Mat
Accessories- Filters- 360 Plastic,PAC00-13115,Drinkwell 360 Plumbing Kit
Accessories- Filters- 360 Plastic,PAC00-13113,Drinkwell 360 Flow Adjustment Kit
Accessories- Filters- 360 Plastic,PAC00-13114,Drinkwell 360 Multi-Streams Kit
Accessories- Filters- 360 Plastic,PAC00-13206,Drinkwell 360 Replacement Pump
Accessories- Filters- 360 Steel,PAC00-13194,Drinkwell 360 Foam Replacement Filters- 2 Pack
Accessories- Filters- 360 Steel,PAC00-13116,Drinkwell 360 Cone Locks
Accessories- Filters- 360 Steel,PAC00-13118,Drinkwell 360 Plumbing Kit
Accessories- Filters- 360 Steel,PAC00-13117,Drinkwell 360 Flow Adjustment Kit
Accessories- Filters- 360 Steel,PAC00-13119,Drinkwell 360 Multi-Streams Kit
Accessories- Filters,PAC00-13102,Drinkwell Big Dog 128oz Replacement Reservoir
Accessories- Filters,PAC00-13100,Drinkwell Big Dog Flow Adjustment Kit
Accessories- Filters,MAT-BD,Drinkwell® Big Dog Fountain Mat
Accessories- Filters,PAC00-13099,Drinkwell Big Dog Replacement Lid
Accessories- Filters,PAC00-13207,Drinkwell Big Dog Replacement Pump
Accessories- Filters,PAC00-13101,Drinkwell Big Dog Pump Kit
Accessories- Batteries,RFA-35-11,3-Volt Lithium Coin Cell Batteries (2-Pack)
Accessories- Batteries,BP1-RFA-35-11,RFA-35-11 Standard Battery Replacement Plan 1-Yr
Accessories- Batteries,RFA-188,3-Volt Battery 
Accessories- Batteries,BP1-RFA-188,RFA-188 Standard Battery Replacement Plan 1-Yr
Accessories- Batteries,BAT11306,3-Volt CR2 Battery
Accessories- Batteries,RFA-67D-11,6-Volt Battery (2-Pack) 
Accessories- Batteries,BP1-RFA-67D-11,RFA-67D-11 Standard Battery Replacement Plan 1-Yr
Accessories- Batteries,RFA-18-11,6-Volt Alkaline Battery
Accessories- Batteries,BP1-RFA-18,RFA-18-11 Standard Battery Replacement Plan 1-Yr
Accessories- Batteries,PAC11-12067,9-Volt Battery
Accessories- Batteries,BP1-BAT-012,BAT-012 1-Yr Battery Replacement Plan
