VENDOR,STOCK#,DESCRIPTION,MFG PT#
ATWOOD MOBILE PROD. DIV.,80-1346,G6A-7 6 GAL.WATER HEATER,96110
AVEREN INC,86-8546,WHT SHWR HD W/ON-OFF FNCT/HOSE,AS-110W
BARKER MFG. CO.,88-1147,32 GALLON TOTE TANK,27844
BARKER MFG. CO.,88-1155,TOTE TANK - 25 GAL.,25895
BARKER MFG. CO.,94-0804,SLIDEWINDER,31340
BARKER MFG. CO.,88-1415,TOTE TANK- 30 GAL,31342
"BRD SUPPLY, INC.",31-7115,BACKSOCKERS ADJUSTABLE PAIR,10025
"BRD SUPPLY, INC.",31-8707,PUSH LATCH W/STRIKE,03313
"BRD SUPPLY, INC.",31-7111,"18"" TRAVEL LOCK DRAWERSLIDE",10018
"BRD SUPPLY, INC.",31-1719,UNIVERSAL CATCH KIT,15411
"BRD SUPPLY, INC.",31-1717,BROWN PLASTIC HIDDEN CATCH,02611
"BRD SUPPLY, INC.",31-8212,BARRELL CATCH,06612
"BRD SUPPLY, INC.",31-7126,45MM BACKSOCKET FLOATING L/R,45002
"BRD SUPPLY, INC.",31-8290,C65S BULDOG CABINET CATCH,03712
"BRD SUPPLY, INC.",79-8117,"REGISTER ROUND DAMPERED 4"" WHT",16711
"BRD SUPPLY, INC.",31-8773,SELF CLOSING HINGE-ENGLISH,04512
"BRD SUPPLY, INC.",31-7112,"20"" TRAVEL LOCK DRAWERSLIDE",10020
"BRD SUPPLY, INC.",31-7113,"22"" TRAVEL LOCK DRAWERSLIDE",10022
"BRD SUPPLY, INC.",31-8719,PLASTIC POSITIVE DOOR CATCH,17012
"BRD SUPPLY, INC.",31-7108,"12"" TRAVEL LOCK DRAWERSLIDE",10012
BRI-RUS INC.,31-3122,SKYLIGHT RH 14X22 FL 17X25 WH,SL1422W
CAMCO MANUF. CO.,88-0126,RHINOFLEX RV SEWER KIT,39761
CAMCO MANUF. CO.,83-1782,TST TABS,41152
CAMCO MANUF. CO.,92-8987,"4"" BUMPER PLUG",40302
CAMCO MANUF. CO.,55-8404,PWR GRIP DOGBONE ADPTR 50M/30F,55175
CAMCO MANUF. CO.,31-4137,VENT LID WHT VENTLINE/ELIXIR,40161
CAMCO MANUF. CO.,88-8569,BLOW OUT PLUG,36104
CAMCO MANUF. CO.,31-8492,PLUMBING VENT -POLAR WHITE,40032
CAMCO MANUF. CO.,31-4134,VENT LID WHITE VENTLINE/ELIXIR,40155
CAMCO MANUF. CO.,31-8491,REPL. ALL PLBG VENT CAP P/W,40034
CAMCO MANUF. CO.,31-8490,REPL. ALL PLBG. VENT KIT P/W,40033
CAMCO MANUF. CO.,92-8252,TOW-N-SEE MIRROR FLAT,25663
CAMCO MANUF. CO.,72-8149,REFRIG VENT COVER-UNIVERSAL,42160
CAMCO MANUF. CO.,79-8758,ANODE ROD (SUBURBAN/MOR-FLOW),11563
CAMCO MANUF. CO.,31-7696,"3/4""X25' BLACK VINYL INSERT",25173
CAMCO MANUF. CO.,55-8402,PWR GRIP DOGBONE ADPTR 15M/30F,55165
CAMCO MANUF. CO.,66-1145,PROPANE TANK COVER,40542
CAMCO MANUF. CO.,88-8893,PUMP CONV. WINTERIZING KIT,36543
CAMCO MANUF. CO.,14-8417,POP-A-PLATE WHITE,57001
CAMCO MANUF. CO.,31-8748,"3/4"" INSERT, 25'l, cw",25143
CAMCO MANUF. CO.,31-9003,"3/4"" INSERT, 25'l, PW",25163
CAMCO MANUF. CO.,31-5005,"CAM LOCK 7/8"" THUMB",44323
CAMCO MANUF. CO.,44-1629,"BRACE SAV-A-STEP 4-8""",43681
CAMCO MANUF. CO.,88-8894,METAL BLOW OUT PLUG,36153
CAMCO MANUF. CO.,31-1793,SUNSHLD REFLECT VENT COVER,45191
CAMCO MANUF. CO.,55-8403,PWR GRIP DOGBONE ADPTR 30M/50F,55185
CAMCO MANUF. CO.,88-0127,RHINOFLEX 5' EXTENDER KIT,39765
CAREFREE OF COLORADO,25-1102,SIMPLICITY UNV. POLAR WHITE,721501
CAREFREE OF COLORADO,26-2561,PULL STRAP (1)           <SL>,901011
CAREFREE OF COLORADO,25-1100,SIMPLICITY UNV. SATIN,721001
CAVAGNA NORTH AMERICA,66-8631,DBL STG AUTO CHANGEOVER REGLR,70-A-190-0016
CEQUENT PERFORMANCE PRODUCTS,55-8086,PORCH LIGHT W/SW WHITE CLR LEN,34-78-517
CEQUENT PERFORMANCE PRODUCTS,55-8085,"PORCH LIGHT NS- WHITE, CLR LEN",34-78-515
CEQUENT PERFORMANCE PRODUCTS,55-8075,CLEAR LENS #78,34-78-021
"COFAIR PRODUCTS, INC.",38-8972,"RUBBER ROOF REPAIR 6""WX24""L RL",RQR624
COGHLAN'S LTD.,14-8754,TABLECLOTH CLAMPS 4/PK,9211
COGHLAN'S LTD.,14-8242,FOOD COVER 8623,8623
COGHLAN'S LTD.,14-8662,CLAMPS TABLECLOTH STEEL,527
DICOR  CORPORATION,38-8896,DICOR LAP SEAL 10.3 OZ WHITE,501LSW-1
DICOR  CORPORATION,38-9001,LAP SEALANT HAZ MAT FREE,"505LSW-1,WHITE"
DICOR  CORPORATION,38-1561,RUBBER ROOF COATING EDPM,RP-CRC-1
DICOR  CORPORATION,38-9049,LAP SEAL 10.3 OZ IVORY,"501LSV-1,IVORY"
DOMETIC SALES CORP.,48-1262,SLIDER ASM  <SL>,830463P
DYCO PAINTS,38-8670,FLOW SEAL-WHITE,C10-WHITE
EEZ RV PRODUCTS LLC,17-2512,"DIRECTOR'S CHAIR, KHAKI",DC-3301
ELKHART TOOL & DIE CO.,44-1618,"5"" DROP MANUAL SGL STEP 24""WD",124
ELKHART TOOL & DIE CO.,31-1594,"ALUMINUM HINGE 72""","18GA.050-3"""
ELKHART TOOL & DIE CO.,44-1623,"7"" DROP MANUAL SGL STEP 24""WD",724
ENERGY TECH LABORATORIES,86-6530,SHOWER HEAD OXYGENICS WHITE,15123
ESD ALLIANCE INC / BAG BUDDY,14-8514,BAG BUDDY BAG HOLDER 33 GAL,99193
GEOCEL CORP,38-1871,PROFLEX RV SEALANT BRT WHT (10,28127
GEOCEL CORP,38-1870,PROFLEX RV SEALANT CLR (10OZ),28100
GUSTAFSON LIGHTING,55-9443,EURO STYLE INCANDES/DBL/WHITE,AM4004
GUSTAFSON LIGHTING,55-9441,EURO STYLE INCANDES/SNGL/WHITE,AM4003
GUSTAFSON LIGHTING,55-9499,NICKEL HALOGEN,AM4015
GUSTAFSON LIGHTING,55-9546,PORCH LIGHT/NO SWITCH,AM4017
GUSTAFSON LIGHTING,55-9544,DIRECT READ LGHT SATIN NICKEL,AM4019
HARDWARE EXPRESS,88-8159,METAL BASKET W/METAL STRAINER,122079
"HENG'S INDUSTRIES, USA",38-1454,"PUTTY TAPE 1/8""X1.5""X30'",5626
"HENG'S INDUSTRIES, USA",38-1464,"PUTTY TAPE 1""X3/16""X20'",5650
"HENG'S INDUSTRIES, USA",38-1462,"PUTTY TAPE 1/8""X1""X30'",5625
"HENG'S INDUSTRIES, USA",31-1791,LID ONLY -  WHITE,J291RWH
"HENG'S INDUSTRIES, USA",38-1453,"PUTTY TAPE 1/8""X3/4""X30'",5631
"HENG'S INDUSTRIES, USA",31-1761,VENTLINE/ELIXIR LID-WHITE<SL>,90110-1
"HENG'S INDUSTRIES, USA",31-8369,"6"" FAN BLADE-CLOCKWISE",90038-C1
"HENG'S INDUSTRIES, USA",31-1763,VENTLINE/ELIXIR LID-AMBER,90115-1
"INNOFRESH PRODUCTS, INC.",72-8417,FRIDGE-IT,FI-01994-24
JET3 PRODUCTS,14-8285,AWNING HOOK UPS 10PK,22662
JET3 PRODUCTS,31-2151,DRIP CLIP-RV GUTTER CLIPS 4/pk,72567
JR PRODUCTS,31-4358,"1"" X 100' VINYL INSERT, WHITE",10121
JR PRODUCTS,31-8688,DLR RD ELECT CABLE HACTCH W/BP,541-2-A
JR PRODUCTS,31-8498,RD ELEC CABLE HATCH W/BACK PW,370-2-A
JR PRODUCTS,88-8179,"STRNR W/BSKT,LCKNUT,RUBBERWSHR",9490-217-022
JR PRODUCTS,31-8494,RD ELEC CABLE HATCH W/BACK CW,370-1-A
"KST COATINGS, LLC",38-1670,RUBBER ROOF TOP COAT WHITE GAL,63-900-1
"KST COATINGS, LLC",38-1673,RUBBER ROOF PRIMER GAL,34-700-1
"KST COATINGS, LLC",38-1633,ELASTOMERIC COAT 1GAL.,63-600-1
LASALLE BRISTOL,88-2530,25X17 S/S DOUBLE SINK,1317SSD251735
LASALLE BRISTOL,88-9001,"RV LAVY SINK, WHITE",16186PW
MARSHALL PRODUCTS,66-8764,"RV TYPE 1 PIGTAIL - 12""",40410-12
MARSHALL PRODUCTS,66-8721,REGULATOR AUTOMATIC,254-00
MARSHALL PRODUCTS,66-8766,"RV TYPE 1 PIGTAIL - 20""",40410-20
MAXXAIR VENT CORP,31-2160,MAXXAIR II TRANS VENT COVER,00-933072
MAXXAIR VENT CORP,31-1939,SHELL WHITE(ALMOND)VENT COVER,00-933068
MAXXAIR VENT CORP,31-1919,WHITE VENT COVER,00-933066
NORCO IND. INC  B.A.L.,92-9034,DELUXE TIRE LOCKING CHOCK (7#),28005
NORCOLD DIV. - UNITS,31-1693,REF. ROOF VENT CAP BRIGHT WHT,622293CBW
PAINT SUNDRIES SOLUTIONS,38-8772,"1/2"" PAINT BRUSH",206-680
PARR TECHNOLOGIES,38-8660,"PARLASTIC, ALUMINUM 10 OZ",SC0274 124
PATRICK METALS,31-1572,"TABLE SUPPORT 30""",164922
PETERSON MFG COMPANY,55-7827,CLEARANCE MARKER LIGHT AMBER,V2549A
PETERSON MFG COMPANY,55-7828,CLEARANCE MARKER LIGHT RED,V2549R
PHOENIX FAUCETS/PRODUCTS,86-8822,HAND HELD HOSE & HEAD,346-1
PHOENIX FAUCETS/PRODUCTS,86-8821,"4""SHOWER FOR EXTERIOR SHOWER",R0471-8
PHOENIX FAUCETS/PRODUCTS,86-8828,PULL OUT KITHN FAUCET BRSH NKL,SW2103-06
PHOENIX FAUCETS/PRODUCTS,86-8816,"CATALINA 4"" SHOWER VALUE WHT",R0477-I
PHOENIX FAUCETS/PRODUCTS,86-8820,EXTERIOR SHOWER DOOR,370-2
POLLAK/STONERIDGE CONTRO,55-8538,5-WAY CONNECTOR,11-500
POLYMER PRODUCTS,55-1697,"6 LIGHT SET,  MULTICOLOR",1661-00523
POLYMER PRODUCTS,55-1700,"REPL GLOBE, PRISM BLUE",3212-516301
POLYMER PRODUCTS,55-7046,"REPL GLOBE, ORANGE",3216-51630
POLYMER PRODUCTS,55-1719,REPL GLOBE PRISM GREEN,3262-516301
POLYMER PRODUCTS,55-1788,"10 LIGHT SET, MULTICOLOR",1661-00515
POLYMER PRODUCTS,55-7044,"REPL GLOBE, PURPLE",3215-51630
POLYMER PRODUCTS,55-1699,"REPL. GLOBE,  PRISM RED",3211-516301
POLYMER PRODUCTS,55-1673,"6 LIGHT SET, PATRIOT",1699-00705
PRIME PRODUCTS,31-8708,BULLET DOOR CATCH WHITE,18-5080
PRIME PRODUCTS,31-9052,"1 1/8"" THUMB LK W/STRT/",18-3069
PRIME PRODUCTS,31-9053,"1 3/8"" THUMB OPERATED CAM LOCK",18-3078
PRIME PRODUCTS,31-8876,DOOR CATCH COL-WHT. CD/2,18-5071
PRIME PRODUCTS,31-8899,CHROME DOOR CATCH (2/CD),18-5051
PRIME PRODUCTS,55-8991,ROCKER SWITCH W/WHT PLAST PLT,11-0192
PRIME PRODUCTS,31-8877,DOOR CATCH BEIGE CD/2,18-5072
PRIME PRODUCTS,17-2048,"ELITE FOLDING ROCKER, CA BLUE",13-6501
PRIME PRODUCTS,31-9060,"7/8"" STANDRAD CAM LOCK 4 PACK",18-3315
PRIME PRODUCTS,31-9064,"1 1/8"" WEATHER RESIST CAM LOCK",18-3099
"PROGRESSIVE DYNAMICS,INC",55-8966,LENS SQUARE DOME LITE 2/BAG,PD305
"PROGRESSIVE DYNAMICS,INC",55-8257,PD752 DOUBLE DOME LIGHT,PD752WWV
"PROGRESSIVE DYNAMICS,INC",55-9105,LIGHT #PD772WWV,PD772WWV
QUALITY BAG,14-8728,CUT N' COVER TABLECLOTH,12CT
REFLECTIX INC,92-1721,4' X 10' REFLECTIVE INSULATION,BP48010
"RUSSELL PRODUCTS, INC.",31-1566,PEDESTAL BASE ROUND CONE,MA-1119
"RUSSELL PRODUCTS, INC.",31-1570,PEDESTAL BASE FLUSH RD,MA-1112
"RUSSELL PRODUCTS, INC.",31-1564,"PEDESTAL TABLE LEG 27.5""",MA-939
RV DESIGNER COLLECTION,31-8499,KLIPPY KLIPS,M111
RV DESIGNER COLLECTION,31-1518,COMPARTMENT LOCK FINGER PULL,L539
RV DESIGNER COLLECTION,31-1510,"WINDOW KNOB, BLACK  1"" SHAFT",H713
RV DESIGNER COLLECTION,14-9313,"GLIDE TAPE F/DRAPES #9-72""",A115
RV DESIGNER COLLECTION,31-1450,ROLLER CATCH W/PRONG,H201
RV DESIGNER COLLECTION,31-1478,"DRAWER SLIDE SOCKETS, ""C"" SHA",H305
RV DESIGNER COLLECTION,31-8515,"CAB DOOR SUPPORT SPG LD 6 1/4""",H279
RV DESIGNER COLLECTION,14-9322,MINI BLIND BOTTOM HOLD-DOWNS,A301
RV DESIGNER COLLECTION,31-1417,ENTRY DOOR HOLDER - PLASTIC,E231
RV DESIGNER COLLECTION,31-1483,PUSH LTCH STRIKE FOR H315/H316,H317
RV DESIGNER COLLECTION,31-1479,"DRAWER SLIDE SOCKETS, SMALL",H306
RV DESIGNER COLLECTION,31-1490,SLIDING MIRRORED DOOR LATCH-,H527
RV DESIGNER COLLECTION,14-9312,"SNAP TAPE (17 SNAPS) 72""",A114
RV DESIGNER COLLECTION,31-1474,"CABINET DOOR SUPPORT, SPRING",H271
RV DESIGNER COLLECTION,31-1512,"WINDOW KNOB, WHITE  1"" SHAFT",H717
RV DESIGNER COLLECTION,31-1501,POSITIVE LATCH 3/8-3/4 4STRDES,H245
RV DESIGNER COLLECTION,31-1402,BAGGAGE DOOR CATCH - WHITE,E211
RV DESIGNER COLLECTION,31-1451,ROLLER CATCH WCLIP,H203
SHURFLO,86-8125,SHURFLO PUMP,2088-422-444
SHURFLO,86-8122,PUMP 115V SHUR-FLO,2088-492-444
SHURFLO,86-8300,SMART SENSOR 5.7 PUMP,5900-0211
SPEEDWAY,55-9951,BULB #921 2/CARD,STA-CDM 921
SPEEDWAY,55-8136,BULB #1141 BX/10,1141
SPEEDWAY,55-1731,BULB LIGHT 25W,STA-BU25WATT
SPEEDWAY,73-8058,BULB LIGHT 15W,STA-BU15WATTAP
STROMBERG CARLSON PROD. INC.,88-8000,EXTEND-A-SHOWER,EXT-3542
STRYBUC INDUSTRIES INC,31-8118,SLANT SILL OPERATOR-761C,761C
"SURCO PRODUCTS, INC",92-1050,UNV MOTORHOME LADDER-HINGED,501LS
THE SPICE CLIP CO LLC,14-8502,SPICE CLIPS SPICE RACK,92102
THETFORD CORP.,83-1677,TOILET TISSUE #20804,20804
THETFORD CORP.,83-1631,"AQUA SOFT TISSUE, 4-PK",03300
THETFORD CORP.,88-1552,"2-WH, 12 GAL SMART TOTE W/HOSE",40505
THETFORD CORP.,83-1502,AM V PEDAL HIGH WHITE,31671
TIGER ACCESSORY GROUP,55-8305,LIGHT TEARDROP AMBER,662BA
TIGER ACCESSORY GROUP,55-8306,LIGHT TEARDROP RED,662BR
TIGER ACCESSORY GROUP,55-8307,LENS TEARDROP AMBER,9628BA
TIGER ACCESSORY GROUP,55-8308,LENS TEARDROP RED,9628BR
TOP TAPE & LABEL,38-8649,AWNING REPAIR TAPE,RE3848
TROYER PRODUCTS,31-8884,BRACKET  TABLE PLATE,J003
TROYER PRODUCTS,31-8882,BRACKET  WALL PLATE,J001
TROYER PRODUCTS,31-9000,LIFT TABLE KIT,JLTB-**-725
ULTRA-FAB PRODUCTS INC,94-0799,SCISSOR JACK-SINGLE,48-979006
"VALTERRA PRODUCTS, INC.",83-1634,POTTY TODDY 6 TABS,Q5000VP
"VALTERRA PRODUCTS, INC.",89-8281,ADJUSTABLE EXTENSION ROD KIT,T1046-10VP
VELCRO USA INC.,14-8945,"VELCRO  CINCH WRAP STRAP 18""",90107
"VENTLINE, PHILIPS IND.",31-1675,NON-POWER ROOF VENT W/GARNISH,V2092SP-28
"VENTLINE, PHILIPS IND.",31-8295,"REFRIG VENT CAP 5"" X 24"" WHT",V0203-03
"VENTLINE, PHILIPS IND.",31-8383,VNT RNG HOOD-NTRL WHT(GRY/WHT),V2111-18
VOLTEC INDUSTRIES,55-6868,30-15 TRIANGLE ADAPTER,16-00550
WALEX PRODUCTS,83-1815,BIO PAK-2 PACK,TOI-11532
"WATTS SEA TECH, INC",88-9556,COLLET CLIPS 3/8 CTS 3/PK,013547
"WESCO DISTRIBUTION, INC.",31-3610,TRAVEL TRAILER LOCK WHITE,43610-09-SP
"WESCO DISTRIBUTION, INC.",31-3612,TRAVEL TRAILER LOCK BLACK,43610-06-SP
"WESCO DISTRIBUTION, INC.",31-3611,TRAVEL TRAILER LOCK CHROME,43610-00-SP
WINEGARD COMPANY,22-1333,WINEGARD WINGMAN ANTENNA,RV-WING
