53638500000,"Peakland Crich 200","http://www.yeomansoutdoors.co.uk/products/peakland-crich-200.aspx"
53638600000,"Peakland Eyam 200 Tent","http://www.yeomansoutdoors.co.uk/products/peakland-eyam-200-tent.aspx"
53638800000,"Peakland Calver 200 Tent","http://www.yeomansoutdoors.co.uk/products/peakland-calver-200-tent.aspx"
53639100000,"Peakland Calver 500 Tent","http://www.yeomansoutdoors.co.uk/products/peakland-calver-500-tent.aspx"
53638400000,"Peakland Beach Shelter","http://www.yeomansoutdoors.co.uk/products/peakland-beach-shelter.aspx"
53645300000,"Peakland Curbar 200 Tent","http://www.yeomansoutdoors.co.uk/products/peakland-curbar-200-tent.aspx"
53645400000,"Peakland Aston 300 Tent","http://www.yeomansoutdoors.co.uk/products/peakland-aston-300-tent.aspx"
53638506000,"Peakland Crich 200","http://www.yeomansoutdoors.co.uk/products/peakland-crick-200-tr.aspx"
53638806000,"Peakland Calver 200 Tent","http://www.yeomansoutdoors.co.uk/products/peakland-calver-200-tent-tr.aspx"
53645533000,"Peakland Sonic 200 Pop Up Tent","http://www.yeomansoutdoors.co.uk/products/peakland-sonic-200-purple.aspx"
53645503000,"Peakland Sonic 200 Pop Up Tent","http://www.yeomansoutdoors.co.uk/products/peakland-sonic-200-black-tent.aspx"
53645508000,"Peakland Sonic 200 Pop Up Tent","http://www.yeomansoutdoors.co.uk/products/peakland-sonic-200-blue.aspx"
53645505000,"Peakland Sonic 200 Pop Up Tent","http://www.yeomansoutdoors.co.uk/products/peakland-sonic-200-green.aspx"
53645532000,"Peakland Sonic 200 Pop Up Tent","http://www.yeomansoutdoors.co.uk/products/peakland-sonic-200-pink.aspx"
53620111000,"Peakland Windscreen - Grey","http://www.yeomansoutdoors.co.uk/products/peakland-windscreen-grey.aspx"
53635600000,"Outwell Wolf Lake Side Extension","http://www.yeomansoutdoors.co.uk/products/outwell-wolf-lake-side-extension.aspx"
53653300000,"Outwell Nevada M Front Awning","http://www.yeomansoutdoors.co.uk/products/outwell-nevada-m-front-awning.aspx"
53650100000,"Outwell Monterey 5 Side Extension","http://www.yeomansoutdoors.co.uk/products/outwell-monterey-5-side-extension.aspx"
53650300000,"Outwell Bear Lake 6 Front Extension","http://www.yeomansoutdoors.co.uk/products/outwell-bear-lake-6-front-extension.aspx"
53650400000,"Outwell Bear Lake 4 Front Extension","http://www.yeomansoutdoors.co.uk/products/outwell-bear-lake-4-front-extension.aspx"
53635700000,"Outwell Trout Lake 4 Front Extension","http://www.yeomansoutdoors.co.uk/products/outwell-trout-lake-4-front-extension.aspx"
53650600000,"Outwell Lanai Reef Front Extension","http://www.yeomansoutdoors.co.uk/products/outwell-lanai-reef-front-extension.aspx"
53650700000,"Outwell Virginia 5 Front Extension","http://www.yeomansoutdoors.co.uk/products/outwell-virginia-5-front-extension.aspx"
53636200000,"Outwell Nevada M Front Extension","http://www.yeomansoutdoors.co.uk/products/outwell-nevada-m-front-extension.aspx"
53625200000,"Outwell Nevada L Side Extension","http://www.yeomansoutdoors.co.uk/products/outwell-nevada-l-side-extension.aspx"
53654900000,"Outwell Tent Yosemite Falls","http://www.yeomansoutdoors.co.uk/products/outwell-tent-yosemite-falls.aspx"
53654800000,"Outwell Tent Yellowstone Falls","http://www.yeomansoutdoors.co.uk/products/outwell-tent-yellowstone-falls.aspx"
53654700000,"Outwell Tent Niagara Falls","http://www.yeomansoutdoors.co.uk/products/outwell-tent-niagara-falls.aspx"
53654500000,"Outwell Tent Kauai Reef","http://www.yeomansoutdoors.co.uk/products/outwell-tent-kauai-reef.aspx"
53654600000,"Outwell Tent Delaware 5","http://www.yeomansoutdoors.co.uk/products/outwell-tent-delaware-5.aspx"
53653600000,"Outwell Tent Ontario LP","http://www.yeomansoutdoors.co.uk/products/outwell-tent-ontario-lp.aspx"
53653700000,"Outwell Ontario LP Front Awning","http://www.yeomansoutdoors.co.uk/products/outwell-ontario-lp-front-awning.aspx"
53653800000,"Outwell Ontario LP Front Extension","http://www.yeomansoutdoors.co.uk/products/outwell-ontario-lp-front-extension.aspx"
53653900000,"Outwell Tent Montana 6P Tent","http://www.yeomansoutdoors.co.uk/products/outwell-tent-montana-6p.aspx"
53654000000,"Outwell Montana 6P Front Awning","http://www.yeomansoutdoors.co.uk/products/outwell-montana-6p-front-awning.aspx"
53654100000,"Outwell Montana 6P Front Extension","http://www.yeomansoutdoors.co.uk/products/outwell-montana-6p-front-extension.aspx"
53654200000,"Outwell Vermont XLP Tent","http://www.yeomansoutdoors.co.uk/products/outwell-tent-vermont-xlp.aspx"
53654400000,"Outwell Vermont P Side Awning","http://www.yeomansoutdoors.co.uk/products/outwell-vermont-p-side-awning.aspx"
53654300000,"Outwell Vermont P Side Extension","http://www.yeomansoutdoors.co.uk/products/outwell-vermont-p-side-extension.aspx"
53653100000,"Outwell Tent Birdland 4","http://www.yeomansoutdoors.co.uk/products/outwell-tent-birdland-4.aspx"
53645700000,"Outwell Tent Birdland 3","http://www.yeomansoutdoors.co.uk/products/outwell-tent-birdland-3.aspx"
53653000000,"Outwell Birdland 3 Front Extension","http://www.yeomansoutdoors.co.uk/products/outwell-birdland-3-front-extension.aspx"
53653200000,"Outwell Birdland 4 Front Extension","http://www.yeomansoutdoors.co.uk/products/outwell-birdland-4-front-extension.aspx"
53653400000,"Outwell Glendale 5 Tent","http://www.yeomansoutdoors.co.uk/products/outwell-tent-glendale-5.aspx"
53653500000,"Outwell Tent Glendale Side Extension","http://www.yeomansoutdoors.co.uk/products/outwell-tent-glendale-side-extension.aspx"
53605700000,"Outwell Montana 6 Tent","http://www.yeomansoutdoors.co.uk/products/outwell-montana-6-tent.aspx"
53625500000,"Outwell Hartford XL Tent","http://www.yeomansoutdoors.co.uk/products/outwell-hartford-xl.aspx"
53645900000,"Outwell Nevada XL Tent","http://www.yeomansoutdoors.co.uk/products/outwell-nevada-xl-tent.aspx"
53646100000,"Outwell Montana Lake Tent","http://www.yeomansoutdoors.co.uk/products/outwell-montana-lake-tent.aspx"
53625800000,"Outwell Wolf Lake 7 Tent","http://www.yeomansoutdoors.co.uk/products/outwell-wolf-lake-7-tent.aspx"
53640300000,"Outwell Wolf Lake 5 Tent","http://www.yeomansoutdoors.co.uk/products/outwell-wolf-lake-5-tent.aspx"
53621200000,"Outwell Trout Lake 4 Tent","http://www.yeomansoutdoors.co.uk/products/outwell-trout-lake-4-tent.aspx"
53639700000,"Outwell Montana 6 Awning","http://www.yeomansoutdoors.co.uk/products/outwell-montana-6-awning.aspx"
53621100000,"Outwell Bear Lake 4 Tent","http://www.yeomansoutdoors.co.uk/products/outwell-bear-lake-4-tent.aspx"
53624800000,"Outwell Montana 6 Front Extension","http://www.yeomansoutdoors.co.uk/products/outwell-montana-6-front-extension.aspx"
53624900000,"Outwell Vermont Side Extension","http://www.yeomansoutdoors.co.uk/products/outwell-vermont-side-extension.aspx"
53625100000,"Outwell Nevada M Tent","http://www.yeomansoutdoors.co.uk/products/outwell-nevada-m-tent-mocca.aspx"
53625700000,"Outwell Hartford Front Extension","http://www.yeomansoutdoors.co.uk/products/outwell-hartford-front-extension.aspx"
53615800000,"Outwell Bear Lake 6 Tent","http://www.yeomansoutdoors.co.uk/products/outwell-bear-lake-6-tent.aspx"
53631800000,"Outwell Indian Lake Tipi Tent","http://www.yeomansoutdoors.co.uk/products/outwell-indian-lake-tipi-tent.aspx"
53633100000,"Vango Tigris 800 Tent","http://www.yeomansoutdoors.co.uk/products/vango-tigris-800-tent.aspx"
53633700000,"Vango Banshee 300 Tent","http://www.yeomansoutdoors.co.uk/products/vango-banshee-300-tent-pine.aspx"
53619605000,"Vango Omega 350 Tent","http://www.yeomansoutdoors.co.uk/products/vango-omega-350-tent-pine-05000.aspx"
53627300000,"Vango Banshee 200 Tent","http://www.yeomansoutdoors.co.uk/products/vango-banshee-200-tent-pine.aspx"
53641102000,"Vango Icarus 600 Tent (2012)","http://www.yeomansoutdoors.co.uk/products/vango-icarus-600-tent.aspx"
53641800000,"Vango Omega 250 Tent","http://www.yeomansoutdoors.co.uk/products/vango-omega-250-tent-pine.aspx"
53650900000,"Vango Icarus 500 FR Awning","http://www.yeomansoutdoors.co.uk/products/vango-icarus-500-awning.aspx"
53647001000,"Vango Calisto 500 Tent (2012)","http://www.yeomansoutdoors.co.uk/products/vango-calisto-500-tent.aspx"
53647100000,"Vango Calisto 600 Tent (2011)","http://www.yeomansoutdoors.co.uk/products/vango-calisto-600-tent.aspx"
53647230000,"Vango Samara 600 Tent","http://www.yeomansoutdoors.co.uk/products/vango-samara-600-tent.aspx"
53647330000,"Vango Kasari 800 Tent","http://www.yeomansoutdoors.co.uk/products/vango-kasari-800-tent.aspx"
53641708000,"Vango Maritsa 700 Tent","http://www.yeomansoutdoors.co.uk/products/vango-maritsa-700-tent.aspx"
53647501000,"Vango Monte Verde 900 Tent","http://www.yeomansoutdoors.co.uk/products/vango-monte-verde-900-tent.aspx"
53647605000,"Vango Tempest 200 Tent","http://www.yeomansoutdoors.co.uk/products/vango-tempest-200-tent.aspx"
53655005000,"Vango Alpha 250","http://www.yeomansoutdoors.co.uk/products/vango-alpha-250.aspx"
53655222000,"Vango Ark DS 400","http://www.yeomansoutdoors.co.uk/products/vango-ark-ds-400-2012.aspx"
53655203000,"Vango Ark DS 400","http://www.yeomansoutdoors.co.uk/products/vango-ark-ds-400.aspx"
53626600000,"Vango Beta 350","http://www.yeomansoutdoors.co.uk/products/vango-beta-350.aspx"
53655305000,"Vango Zeal 500","http://www.yeomansoutdoors.co.uk/products/vango-zeal-500.aspx"
53655405000,"Vango Zeal Canopy","http://www.yeomansoutdoors.co.uk/products/vango-zeal-canopy.aspx"
53647605011,"Vango Tempest 200","http://www.yeomansoutdoors.co.uk/products/vango-tempest-200.aspx"
53655605000,"Vango Mirage 300","http://www.yeomansoutdoors.co.uk/products/vango-mirage-300.aspx"
53632800000,"Vango Icarus 500 Tent (2012)","http://www.yeomansoutdoors.co.uk/products/vango-icarus-500.aspx"
53651000000,"Vango Icarus 600 FR Canopy","http://www.yeomansoutdoors.co.uk/products/icarus-600-fr-canopy.aspx"
53656030000,"Vango Diablo 600","http://www.yeomansoutdoors.co.uk/products/vango-diablo-600.aspx"
53655801000,"Vango Astoria 600","http://www.yeomansoutdoors.co.uk/products/vango-astoria-600.aspx"
53655901000,"Vango Astoria 600 Canopy","http://www.yeomansoutdoors.co.uk/products/astoria-600-canopy.aspx"
53000930000,"Vango Tigris 800 XL Tent","http://www.yeomansoutdoors.co.uk/products/vango-tigris-800-xl-tent.aspx"
53001030000,"Vango Tigris 800 XL Enclosed Canopy","http://www.yeomansoutdoors.co.uk/products/vango-tigris-800-xl-canopy.aspx"
53656406000,"Vango Flux 200","http://www.yeomansoutdoors.co.uk/products/flux-200.aspx"
53656706000,"Vango Pulse 550","http://www.yeomansoutdoors.co.uk/products/vango-pulse-550.aspx"
53657012000,"Vango Kinetic 600","http://www.yeomansoutdoors.co.uk/products/vango-kinetic-600.aspx"
53657112000,"Vango Kinetic 600 Canopy FR","http://www.yeomansoutdoors.co.uk/products/kinetic-600-canopy-fr.aspx"
53656812000,"Vango Eternity 600","http://www.yeomansoutdoors.co.uk/products/vango-eternity-600.aspx"
53656912000,"Vango Eternity 600 Canopy","http://www.yeomansoutdoors.co.uk/products/eternity-600-canopy.aspx"
53657205000,"Vango Shangri-La Tent","http://www.yeomansoutdoors.co.uk/products/vango-shangri-la.aspx"
53641200000,"Vango Icarus 600 Canopy","http://www.yeomansoutdoors.co.uk/products/vango-icarus-600-canopy.aspx"
53651101000,"Vango Calisto 500 FR Canopy","http://www.yeomansoutdoors.co.uk/products/vango-calisto-500-canopy.aspx"
53651900000,"Vango Infinity 400 Awning","http://www.yeomansoutdoors.co.uk/products/vango-infinity-400-awning.aspx"
53651400000,"Vango Samara 600 Awning","http://www.yeomansoutdoors.co.uk/products/vango-samara-600-awning.aspx"
53651700000,"Vango Maritsa 700 FR Canopy","http://www.yeomansoutdoors.co.uk/products/vango-maritsa-700-canopy.aspx"
53647812000,"Vango Velocity 300 Tent","http://www.yeomansoutdoors.co.uk/products/vango-velocity-300-tent.aspx"
53648212000,"Vango Infinity 800 Tent","http://www.yeomansoutdoors.co.uk/products/vango-infinity-800-tent.aspx"
53647000000,"Vango Calisto 500 Tent","http://www.yeomansoutdoors.co.uk/products/vango-calisto-500.aspx"
53656208000,"Vango Asante 600 Tent","http://www.yeomansoutdoors.co.uk/products/vango-asante-600-tent.aspx"
53656130000,"Diablo 600 FR Canopy","http://www.yeomansoutdoors.co.uk/products/diablo-600-fr-canopy.aspx"
53656608000,"Monte Verde Canopy 900 SD","http://www.yeomansoutdoors.co.uk/products/monte-verde-canopy-900-sd.aspx"
53657330000,"Vango Event Tent","http://www.yeomansoutdoors.co.uk/products/vango-event-tent.aspx"
53656300008,"Vango Asante 600 Canopy","http://www.yeomansoutdoors.co.uk/products/vango-asante-600-canopysignature-blue.aspx"
53647806000,"Vango Velocity 300 Tent","http://www.yeomansoutdoors.co.uk/products/vango-velocity-300-tent-volc.aspx"
53001100000,"Coleman Pictor X2 Tent","http://www.yeomansoutdoors.co.uk/products/coleman-pictor-x2-tent.aspx"
53619000000,"Coleman Avior X3 Tent","http://www.yeomansoutdoors.co.uk/products/coleman-avior-x3.aspx"
53619300000,"Coleman Phact X 2 Tent","http://www.yeomansoutdoors.co.uk/products/coleman-phact-x2.aspx"
53658900000,"Coleman Mackenzie Cabin 6XL","http://www.yeomansoutdoors.co.uk/products/mackenzie-cabin-6xl.aspx"
53652900000,"Coleman Mackenzie Cabin Side Canopy Premium","http://www.yeomansoutdoors.co.uk/products/mackenzie-cabin-side-canopy-premium.aspx"
53657500000,"Coleman Weekend 2","http://www.yeomansoutdoors.co.uk/products/weekend-2.aspx"
53657600000,"Coleman Weekend 4","http://www.yeomansoutdoors.co.uk/products/weekend-4.aspx"
53659000000,"Coleman Weekend 6","http://www.yeomansoutdoors.co.uk/products/weekend-6.aspx"
53657700000,"Coleman Coastline 2 Compact","http://www.yeomansoutdoors.co.uk/products/8888.aspx"
53657800000,"Coleman Coastline 3 Compact","http://www.yeomansoutdoors.co.uk/products/coastline-3-compact.aspx"
53657900000,"Coleman Coastline 3 Plus","http://www.yeomansoutdoors.co.uk/products/coastline-3-plus.aspx"
53658000000,"Coleman Instant Tourer","http://www.yeomansoutdoors.co.uk/products/instant-tourer.aspx"
53658100000,"Coleman Instant 4","http://www.yeomansoutdoors.co.uk/products/instant-4.aspx"
53642200000,"Coleman Mackenzie Cabin 4 Tent","http://www.yeomansoutdoors.co.uk/products/coleman-mackenzie-cabin-4-tent.aspx"
53642300000,"Coleman Mackenzie Cabin 6 Tent","http://www.yeomansoutdoors.co.uk/products/coleman-mackenzie-cabin-6-tent.aspx"
53649700000,"Coleman Instant Shelter","http://www.yeomansoutdoors.co.uk/products/coleman-instant-shelter-yeomans-outdoors.aspx"
53293703002,"Regatta Mens Base Layer L/S T-shirt","http://www.yeomansoutdoors.co.uk/products/regatta-mens-base-layer-ls-t-shirt-black-small.aspx"
53293703003,"Regatta Mens Base Layer L/S T-shirt","http://www.yeomansoutdoors.co.uk/products/regatta-mens-base-layer-ls-t-shirt-black-medium.aspx"
53293703004,"Regatta Mens Base Layer L/S T-shirt","http://www.yeomansoutdoors.co.uk/products/regatta-mens-base-layer-ls-t-shirt-black-large.aspx"
53293703005,"Regatta Mens Base Layer L/S T-shirt","http://www.yeomansoutdoors.co.uk/products/regatta-mens-base-layer-ls-t-shirt-black-xl.aspx"
53649300000,"Hood River 3","http://www.yeomansoutdoors.co.uk/products/hood-river-3black.aspx"
53658500000,"Hood River 6","http://www.yeomansoutdoors.co.uk/products/hood-river-6black.aspx"
53658600000,"Gorge 4","http://www.yeomansoutdoors.co.uk/products/gorge-4black.aspx"
53658700000,"Falcon 6","http://www.yeomansoutdoors.co.uk/products/falcon-6black.aspx"
53649300011,"Sprayway Hood River 3 Tent","http://www.yeomansoutdoors.co.uk/products/sprayway-hood-river-3-tent.aspx"
53657423000,"Granite Outdoors Sonic - Poland NEW","http://www.yeomansoutdoors.co.uk/products/granite-sonic-white-poland.aspx"
53657406000,"Granite Outdoors Sonic - Spain NEW","http://www.yeomansoutdoors.co.uk/products/granite-sonic-red-spain.aspx"
53657400000,"Granite Outdoors Sonic - England Red NEW","http://www.yeomansoutdoors.co.uk/products/granite-sonic-red.aspx"
53657404000,"Granite Outdoors Sonic - Germany NEW","http://www.yeomansoutdoors.co.uk/products/granite-sonic-white.aspx"
53657408000,"Granite Outdoors Sonic -Italy NEW","http://www.yeomansoutdoors.co.uk/products/granite-sonic-france.aspx"
53657415000,"Granite Outdoors Sonic - Russia NEW","http://www.yeomansoutdoors.co.uk/products/granite-sonic-russia.aspx"
53657401000,"Granite Outdoors Sonic - France NEW","http://www.yeomansoutdoors.co.uk/products/granite-sonic-blue-italy.aspx"
53655708000,"Lichfield Findhorn 4","http://www.yeomansoutdoors.co.uk/products/lichfield-findhorn-4.aspx"
53655108000,"Lichfield Sandwood 4 + 2 Tent","http://www.yeomansoutdoors.co.uk/products/lichfield-sandwood-4-2-tent.aspx"
53655508000,"Lichfield Mullion 6 Tent","http://www.yeomansoutdoors.co.uk/products/lichfield-mullion-6-tent.aspx"
53648605000,"Gelert Meridian 6 Tent","http://www.yeomansoutdoors.co.uk/products/gelert-meridian-6.aspx"
53648600000,"Gelert Meridian 6 Tent","http://www.yeomansoutdoors.co.uk/products/gelert-meridian.aspx"
53001400000,"Gelert Horizon 10 Tent","http://www.yeomansoutdoors.co.uk/products/gelert-horizon-10.aspx"
53648300000,"Gelert Corvus 5+2 Tent","http://www.yeomansoutdoors.co.uk/products/gelert-52.aspx"
53658200000,"Zempire Mothership Tent","http://www.yeomansoutdoors.co.uk/products/zempire-mothership-tent.aspx"
53658300000,"Zempire Hubble Tent","http://www.yeomansoutdoors.co.uk/products/zempire-hubble-green.aspx"
53658400000,"Zempire Drift Tent","http://www.yeomansoutdoors.co.uk/products/zempire-drift-green.aspx"
72158600000,"Campingaz Camping Chef ","http://www.yeomansoutdoors.co.uk/products/campingaz-camping-chef-00000.aspx"
72158700000,"Coleman Sportster II Stove ","http://www.yeomansoutdoors.co.uk/products/coleman-sportster-ii-stove-00000.aspx"
72159000000,"Campingaz Regulator ","http://www.yeomansoutdoors.co.uk/products/campingaz-regulator-00000.aspx"
72159100000,"Coleman Unleaded 2-Burner Stove ","http://www.yeomansoutdoors.co.uk/products/coleman-unleaded-2-burner-stove-00000.aspx"
72160400000,"Carricook Cooker ","http://www.yeomansoutdoors.co.uk/products/carricook-cooker-00000.aspx"
72160500000,"Carricook Fuel Tablets ","http://www.yeomansoutdoors.co.uk/products/carricook-fuel-tablets-00000.aspx"
72160600000,"Low Pressure Hose - 1 Metre ","http://www.yeomansoutdoors.co.uk/products/low-pressure-hose-1-metre-00000.aspx"
72162800000,"Hose Clips - 2 pack ","http://www.yeomansoutdoors.co.uk/products/hose-clips-2-pack-00000.aspx"
72162900000,"Picnic Stove Windshield ","http://www.yeomansoutdoors.co.uk/products/picnic-stove-windshield-00000.aspx"
72668100000,"Coleman Pump Cup Package ","http://www.yeomansoutdoors.co.uk/products/coleman-pump-cup-package-00000.aspx"
72669200000,"Campingaz Lagon Double Burner Stove","http://www.yeomansoutdoors.co.uk/products/campingaz-lagon-double-burner-stove-00000.aspx"
72669600000,"Propane Regulator ","http://www.yeomansoutdoors.co.uk/products/propane-regulator-00000.aspx"
72669700000,"Clip on Regulator ","http://www.yeomansoutdoors.co.uk/products/clip-on-regulator-00000.aspx"
72670000000,"3 Way Gas Nozzle ","http://www.yeomansoutdoors.co.uk/products/3-way-gas-nozzle-00000.aspx"
72670100000,"Campingaz Bistro ","http://www.yeomansoutdoors.co.uk/products/campingaz-bistro-00000.aspx"
72670500000,"Campingaz - Carry Bag for Double Burner ","http://www.yeomansoutdoors.co.uk/products/campingaz-carry-bag-for-double-burner-00000.aspx"
72671700000,"Kitchen Table Windshield ","http://www.yeomansoutdoors.co.uk/products/kitchen-table-windshield-00000.aspx"
72672700000,"Campingaz Camping Chef Plus ","http://www.yeomansoutdoors.co.uk/products/campingaz-camping-chef-plus-00000.aspx"
72668900000,"Campingaz Camp Kitchen Double Burner","http://www.yeomansoutdoors.co.uk/products/campingaz-camp-kitchen-doubleburner.aspx"
72672300000,"Campingaz Twister Plus PZ Stove","http://www.yeomansoutdoors.co.uk/products/campingaz-twister-plus-pz-stove.aspx"
72673100000,"Coleman PerfectFlow 1-Burner Stove","http://www.yeomansoutdoors.co.uk/products/coleman-perfectflow-1-burner-stove.aspx"
72673000000,"Kampa Foldaway D/Burner & Grill","http://www.yeomansoutdoors.co.uk/products/kampa-foldaway-dburner-grill.aspx"
72668300000,"Coleman F1 Power PZ Stove","http://www.yeomansoutdoors.co.uk/products/coleman-f1-power-pz-stove.aspx"
72672400000,"Coleman F1 Lite Stove","http://www.yeomansoutdoors.co.uk/products/coleman-f1-lite-stove.aspx"
72457500000,"Portable Gas Stove","http://www.yeomansoutdoors.co.uk/products/portable-gas-stove.aspx"
72672500000,"Folding Stove","http://www.yeomansoutdoors.co.uk/products/folding-stove.aspx"
72673500000,"Campingaz Twister Plus","http://www.yeomansoutdoors.co.uk/products/campingaz-twister-plus.aspx"
72673900000,"Dura-Warm Dura Cooker","http://www.yeomansoutdoors.co.uk/products/dura-warm-dura-cooker.aspx"
72674000000,"Super Carena Stove","http://www.yeomansoutdoors.co.uk/products/super-carena-stove.aspx"
72674100000,"Base Camp Cooker with Lid","http://www.yeomansoutdoors.co.uk/products/base-camp-cooker-with-lid.aspx"
72000200000,"Coleman Bistro 300","http://www.yeomansoutdoors.co.uk/products/coleman-bistro-300.aspx"
72674200000,"Trekmates Flameless Cook Box","http://www.yeomansoutdoors.co.uk/products/trekmates-flameless-cook-box.aspx"
57112600000,"Trekmates Micro Hollofibre Pillow ","http://www.yeomansoutdoors.co.uk/products/trekmates-micro-hollofibre-pillow-00000.aspx"
57114600000,"38oz Pattern S/Bag ","http://www.yeomansoutdoors.co.uk/products/38oz-pattern-sbag-00000.aspx"
57114900000,"Trekmates Large Compression Sac ","http://www.yeomansoutdoors.co.uk/products/trekmates-large-compression-sac-00000.aspx"
57115000000,"Trekmates Mummy Sleeping Bag Liner ","http://www.yeomansoutdoors.co.uk/products/trekmates-mummy-sleeping-bag-liner.aspx"
57115500000,"Polarshield Emergency Blanket ","http://www.yeomansoutdoors.co.uk/products/polarshield-emergency-blanket-00000.aspx"
57115600000,"Coleman Youth Hostel Bag Liner ","http://www.yeomansoutdoors.co.uk/products/coleman-youth-hostel-bag-liner-00000.aspx"
57411300000,"Camp/Picnic Rug ","http://www.yeomansoutdoors.co.uk/products/camppicnic-rug-00000.aspx"
57411400000,"Trekmates Microfibre Fleece S/Bag Liner ","http://www.yeomansoutdoors.co.uk/products/trekmates-microfibre-fleece-sbag-liner-00000.aspx"
57411700000,"Trekmates Vapour Tech S/Bag Liner ","http://www.yeomansoutdoors.co.uk/products/trekmates-vapour-tech-sbag-liner-00000.aspx"
57612000000,"Camo Snooza ","http://www.yeomansoutdoors.co.uk/products/camo-snooza-00000.aspx"
57613100000,"Outwell Camper Lux Sleeping Bag ","http://www.yeomansoutdoors.co.uk/products/outwell-camper-lux-s-bag.aspx"
57614900000,"Vango Wilderness 250 Sleeping Bag ","http://www.yeomansoutdoors.co.uk/products/vango-wilderness-250-sleeping-bag-b.aspx"
57615100000,"Vango Nitestar 250 Sleeping Bag ","http://www.yeomansoutdoors.co.uk/products/vango-nitestar-250-sleeping-bag-pinegreen-00000.aspx"
57615000000,"Vango Wilderness Jnr Sleeping Bag","http://www.yeomansoutdoors.co.uk/products/vango-wilderness-midi-sorbet-pink.aspx"
57615900000,"Outwell Contour 1900 Sleeping Bag","http://www.yeomansoutdoors.co.uk/products/outwell-contour-1900-sleeping-bag.aspx"
57616000000,"Outwell Contour XL Sleeping Bag","http://www.yeomansoutdoors.co.uk/products/outwell-contour-xl-sleeping-bag.aspx"
57616100000,"Outwell Contour Double Sleeping Bag","http://www.yeomansoutdoors.co.uk/products/outwell-contour-double-sleeping-bag.aspx"
57616300000,"Vango Wilderness 450 Sleeping Bag","http://www.yeomansoutdoors.co.uk/products/vango-wilderness-450-sleeping-bag.aspx"
57616600000,"Vango Wilderness XL SQ Sleeping Bag","http://www.yeomansoutdoors.co.uk/products/vango-wilderness-xlsq-sleeping-bag.aspx"
57616500000,"Vango Wilderness Double Sleeping Bag","http://www.yeomansoutdoors.co.uk/products/vango-wilderness-dbl-sleeping-bag.aspx"
57615008000,"Vango Wilderness Jnr Sleeping Bag","http://www.yeomansoutdoors.co.uk/products/vango-wilderness-jnr-sleeping-bag-surf-blue.aspx"
57616400000,"Wilderness 250 SQ S/Bag","http://www.yeomansoutdoors.co.uk/products/wilderness-250-sq-sbag.aspx"
57619516000,"Challenger 350 Sleeper","http://www.yeomansoutdoors.co.uk/products/challenger-350-sleeper-assorted.aspx"
57619616000,"Womens Challenger 350 Sleeper","http://www.yeomansoutdoors.co.uk/products/womens-challenger-350-sleeper-assorted.aspx"
57619716000,"Challenger 450 sleeper","http://www.yeomansoutdoors.co.uk/products/challenger-450-sleeper-assorted.aspx"
57619847000,"Boys Challenger 350 Sleeper","http://www.yeomansoutdoors.co.uk/products/boys-challenger-350-sleeper-assorted.aspx"
57619933000,"Girls Challenger 350 Sleeper","http://www.yeomansoutdoors.co.uk/products/girls-challenger-350-sleeper-assorted.aspx"
57620016000,"Challenger 350 Midi s/bag","http://www.yeomansoutdoors.co.uk/products/challenger-350-midi-sbag.aspx"
57620516000,"Travel Rug","http://www.yeomansoutdoors.co.uk/products/cs-travel-rug-t.aspx"
57620716000,"Sleeping Pod XL","http://www.yeomansoutdoors.co.uk/products/cs-sleeping-pod-xl.aspx"
57001900000,"Hood River 6 Carpet","http://www.yeomansoutdoors.co.uk/products/hood-river-6-carpetblack.aspx"
57620100000,"Outwell Cosy 250 S/Bag","http://www.yeomansoutdoors.co.uk/products/outwell-cosy-250-sbag.aspx"
57620200000,"Outwell Contour 1500 S/Bag","http://www.yeomansoutdoors.co.uk/products/outwell-contour-1500-sbag.aspx"
57614905000,"Vango Wilderness 250 Sleeping Bag ","http://www.yeomansoutdoors.co.uk/products/vango-wilderness-250-sleeping-bag-tt.aspx"
57620316000,"Picnic Blanket","http://www.yeomansoutdoors.co.uk/products/picnic-blanket.aspx"
57115300000,"Survival Bag Orange","http://www.yeomansoutdoors.co.uk/products/survival-bag-orange.aspx"
57614905111,"Vango Wilderness 250 S/B","http://www.yeomansoutdoors.co.uk/products/vango-wilderness-250-sb-treetops.aspx"
57615105000,"Vango Nitestar 250 S/Bag","http://www.yeomansoutdoors.co.uk/products/Vango-Nitestar-250-S/Bag-Pine.aspx"
56108500000,"Backpacker Airbed ","http://www.yeomansoutdoors.co.uk/products/backpacker-airbed-navy-00000.aspx"
56108700000,"3 Litre Boat Inflator ","http://www.yeomansoutdoors.co.uk/products/3-litre-boat-inflator-00000.aspx"
56109400000,"12V Airmatress Pump ","http://www.yeomansoutdoors.co.uk/products/12v-airmatress-pump-00000.aspx"
56109700000,"Multimat 3 Season Sleepmat ","http://www.yeomansoutdoors.co.uk/products/multimat-3-season-sleepmat-00000.aspx"
56110400000,"Multimat Adventure 25 Self Inlflating Matress ","http://www.yeomansoutdoors.co.uk/products/multimat-adventure-25-self-inlflating-matress-00000.aspx"
56408200000,"Outwell Double Action Hand Pump ","http://www.yeomansoutdoors.co.uk/products/outwell-double-action-hand-pump-00000.aspx"
56605600000,"Thermo Fold-A-Mat Seat ","http://www.yeomansoutdoors.co.uk/products/thermo-fold-a-mat-seat.aspx"
56605900000,"Rechargeable Quickpump 230V/12V","http://www.yeomansoutdoors.co.uk/products/rechargeable-quickpump-230v12v.aspx"
56606200000,"Coleman Battery Inflator ","http://www.yeomansoutdoors.co.uk/products/coleman-battery-inflator.aspx"
5660650111,"Coleman Quickbed Single ","http://www.yeomansoutdoors.co.uk/products/campingaz-single-quick-bed.aspx"
56606600000,"Coleman Classic Double Flock Bed ","http://www.yeomansoutdoors.co.uk/products/coleman-double-flock-airbed.aspx"
56606700000,"Coleman Comfort Double Airbed ","http://www.yeomansoutdoors.co.uk/products/coleman-comfort-double-airbed-00000.aspx"
56607000000,"Multimat Camper Compact 3/4 Mat ","http://www.yeomansoutdoors.co.uk/products/multimat-camper-compact-3-4.aspx"
56608200000,"Outwell Self Inflating Pillow - Premium with bag ","http://www.yeomansoutdoors.co.uk/products/outwell-self-inflating-pillow-premium-with-bag-00000.aspx"
56608900000,"Multimat Camper 50 Single Self-inflating Mat ","http://www.yeomansoutdoors.co.uk/products/multimat-camper-50-single-self-inflating-mat-00000.aspx"
56609300000,"Easy Bed Junior ","http://www.yeomansoutdoors.co.uk/products/easy-bed-junior-00000.aspx"
56110000000,"Multimat 5 Season Sleepmat","http://www.yeomansoutdoors.co.uk/products/multimat-5-season-sleepmat-00000.aspx"
56612000000,"Coleman Raised Quickbed Double","http://www.yeomansoutdoors.co.uk/products/coleman-raised-quickbed-double.aspx"
56612300000,"Multimat Camper 25 Sleep Mat","http://www.yeomansoutdoors.co.uk/products/multimat-camper-25-sleep-mat.aspx"
56612400000,"Multimat Camper Double 25 Self-Inflating Mat","http://www.yeomansoutdoors.co.uk/products/multimat-camper-double-25-self-inflating-mat.aspx"
56612500000,"Smart Quickbed Double","http://www.yeomansoutdoors.co.uk/products/smart-quickbed-double.aspx"
56613603000,"Flock Neck Pillow","http://www.yeomansoutdoors.co.uk/products/cs-flock-neck-pillow-b.aspx"
56002300000,"Sevylor 5l foot pump","http://www.yeomansoutdoors.co.uk/products/sevylor-5l-foot-pump.aspx"
56002400000,"Quick Pump 12V","http://www.yeomansoutdoors.co.uk/products/quick-pump-12v.aspx"
56109000000,"Inflatable Head rest","http://www.yeomansoutdoors.co.uk/products/inflatable-head-rest.aspx"
56613603000,"Sleepeze Air Pillow","http://www.yeomansoutdoors.co.uk/products/Sleepeze-Air-Pillow--.aspx"
56613705000,"Rambler 4 Season Mat","http://www.yeomansoutdoors.co.uk/products/Rambler-4-Season-Mat-MoD.aspx"
56606500000,"Coleman Single Flock Airbed","http://www.yeomansoutdoors.co.uk/products/coleman-single-flock-airbed.aspx"
56613800000,"Coleman Single Comfort Airbed","http://www.yeomansoutdoors.co.uk/products/coleman-single-comfort-airbed.aspx"
65134000000,"Vango 4 Leg Camp Bed ","http://www.yeomansoutdoors.co.uk/products/vango-4-leg-camp-bed.aspx"
65637100000,"Kids Pattern Chair ","http://www.yeomansoutdoors.co.uk/products/kids-pattern-chair-00000.aspx"
65658500000,"Kids Animal Pattern Chair ","http://www.yeomansoutdoors.co.uk/products/kids-animal-pattern-chair-00000.aspx"
65658800000,"Expedition Hammock ","http://www.yeomansoutdoors.co.uk/products/expedition-hammock-00000.aspx"
65662000000,"Outwell Rosario Summer Chair","http://www.yeomansoutdoors.co.uk/products/outwell-rosario-summer-chair.aspx"
65435403000,"Outwell Black Hills Chair","http://www.yeomansoutdoors.co.uk/products/outwell-black-hills-chair.aspx"
65637203000,"Outwell Windsor Hills Chair","http://www.yeomansoutdoors.co.uk/products/outwell-windsor-hills-chair.aspx"
65637703000,"Outwell Fountain Hills Chair","http://www.yeomansoutdoors.co.uk/products/outwell-fountain-hills-chair.aspx"
65637705000,"Outwell Fountain Hills Chair","http://www.yeomansoutdoors.co.uk/products/outwell-fountain-hills-chair-green.aspx"
65661900000,"Outwell Rawson Low Chair","http://www.yeomansoutdoors.co.uk/products/outwell-rawson-low-chair.aspx"
65662100000,"Outwell Salta Beach Chair","http://www.yeomansoutdoors.co.uk/products/outwell-salta-beach-chair.aspx"
65661500000,"Vango Deluxe Flocked Double Chair","http://www.yeomansoutdoors.co.uk/products/vango-deluxe-flocked-double-chair.aspx"
65661400000,"Vango Deluxe Flocked Chair","http://www.yeomansoutdoors.co.uk/products/vango-deluxe-flocked-chair.aspx"
65661600000,"Vango Venice Compact Chair","http://www.yeomansoutdoors.co.uk/products/vango-venice-compact-chair.aspx"
65661700000,"Vango Del Mar Compact Chair","http://www.yeomansoutdoors.co.uk/products/vango-del-mar-compact-chair.aspx"
65435405000,"Outwell Black Hills Chair","http://www.yeomansoutdoors.co.uk/products/outwell-black-hills-chair-green.aspx"
65135400000,"Bembridge Chair","http://www.yeomansoutdoors.co.uk/products/bembridge-chair.aspx"
65136500000,"Deluxe Stool","http://www.yeomansoutdoors.co.uk/products/deluxe-stool.aspx"
65661800000,"Vango Corona Chair","http://www.yeomansoutdoors.co.uk/products/vango-corona-chair.aspx"
65638403000,"Laguna Hills Campbed","http://www.yeomansoutdoors.co.uk/products/laguna-hills-campbed.aspx"
65662300000,"Monaco Compact Chair","http://www.yeomansoutdoors.co.uk/products/monaco-compact-chair.aspx"
65662400000,"Malibu Compact Chair","http://www.yeomansoutdoors.co.uk/products/malibu-compact-chair.aspx"
65662600000,"Outwell Trelew Chair","http://www.yeomansoutdoors.co.uk/products/outwell-trelew-chair.aspx"
65662700000,"Huntington Directors Chair","http://www.yeomansoutdoors.co.uk/products/huntington-directors-chair.aspx"
65662800000,"Moon DLX","http://www.yeomansoutdoors.co.uk/products/moon-dlx.aspx"
65002000000,"Summit Folding Chair","http://www.yeomansoutdoors.co.uk/products/summit-folding-chair.aspx"
65133900000,"Alumnium Camp Bed","http://www.yeomansoutdoors.co.uk/products/alumnium-camp-bed.aspx"
65002005000,"Summit Folding Chair","http://www.yeomansoutdoors.co.uk/products/Summit-Folding-Chair-Green.aspx"
66136700000,"Large Camp Table 60x80cm ","http://www.yeomansoutdoors.co.uk/products/large-camp-table-60x80cm-00000.aspx"
66137200000,"Low Plastic Table ","http://www.yeomansoutdoors.co.uk/products/low-plastic-table-00000.aspx"
66644000000,"Deluxe Aluminium Kitchen Stand ","http://www.yeomansoutdoors.co.uk/products/deluxe-aluminium-kitchen-stand.aspx"
66644400000,"Backpacker Aluminium Table ","http://www.yeomansoutdoors.co.uk/products/backpacker-aluminium-table-00000.aspx"
66645300000,"Easycamp Beauvais Camp Kitchen ","http://www.yeomansoutdoors.co.uk/products/easycamp-beauvais-camp-kitchen-00000.aspx"
66647100000,"Ali Table & Stool Set ","http://www.yeomansoutdoors.co.uk/products/ali-table-stool-set-00000.aspx"
66647300000,"Green Camp Table ","http://www.yeomansoutdoors.co.uk/products/green-camp-table-00000.aspx"
66647700000,"Outwell Richmond Kitchen Table ","http://www.yeomansoutdoors.co.uk/products/outwell-richmond-kitchen-table.aspx"
66649300000,"Easycamp Matar 3 Shelf Cupboard","http://www.yeomansoutdoors.co.uk/products/easycamp-matar-3-shelf-cupboard.aspx"
66649100000,"Outwell Folding Storage Basket L","http://www.yeomansoutdoors.co.uk/products/outwell-folding-storage-basket-l.aspx"
66649000000,"Easycamp Tabit 4 Shelf Cupboard","http://www.yeomansoutdoors.co.uk/products/easycamp-tabit-4-shelf-cupboard.aspx"
66649700000,"Coleman Folding Table For 8","http://www.yeomansoutdoors.co.uk/products/coleman-folding-table-for-8.aspx"
66136900000,"Toulouse Table & Stool Set","http://www.yeomansoutdoors.co.uk/products/toulouse-table-stool-set.aspx"
66647000000,"Havana Folding Table","http://www.yeomansoutdoors.co.uk/products/havana-folding-table.aspx"
66647304000,"Camp Table","http://www.yeomansoutdoors.co.uk/products/camp-table.aspx"
66649200000,"Subra Low Cupboard","http://www.yeomansoutdoors.co.uk/products/subra-low-cupboard.aspx"
66649400000,"Avignon Kitchen Table","http://www.yeomansoutdoors.co.uk/products/avignon-kitchen-table.aspx"
66649600000,"3 Tier Kitchen Stand","http://www.yeomansoutdoors.co.uk/products/3-tier-kitchen-stand.aspx"
66649900000,"Outwell Paris Folding Table","http://www.yeomansoutdoors.co.uk/products/outwell-paris-folding-table.aspx"
66650000000,"Outwell Sirius Kitchen","http://www.yeomansoutdoors.co.uk/products/outwell-sirius-kitchen.aspx"
66648800000,"Outwell Bahamas Cupboard","http://www.yeomansoutdoors.co.uk/products/outwell-bahamas-cupboard.aspx"
66650100000,"Outwell Antiga Cupboard","http://www.yeomansoutdoors.co.uk/products/outwell-antiga-cupboard.aspx"
66649500000,"Outwell Goya Chair","http://www.yeomansoutdoors.co.uk/products/outwell-goya-chair.aspx"
66650300000,"Outwell Angers Table","http://www.yeomansoutdoors.co.uk/products/outwell-angers-table.aspx"
66650400000,"Outwell Vannes Table","http://www.yeomansoutdoors.co.uk/products/outwell-vannes-table.aspx"
66650500000,"Outwell Calais Table","http://www.yeomansoutdoors.co.uk/products/outwell-calais-table.aspx"
66650600000,"Outwell Brest Table","http://www.yeomansoutdoors.co.uk/products/outwell-brest-table.aspx"
66650700000,"Outwell Nantes Table","http://www.yeomansoutdoors.co.uk/products/outwell-nantes-table.aspx"
66645500000,"Granite Folding Kitchen","http://www.yeomansoutdoors.co.uk/products/granite-folding-kitchen.aspx"
66647200000,"Granite Storage Table","http://www.yeomansoutdoors.co.uk/products/granite-storage-table.aspx"
