93,"BlackBerry Bold 9000 ","http://cashmygadget.co.uk/Sell_My_Blackberry_Bold_9000"
94,"BlackBerry Bold 9700 ","http://cashmygadget.co.uk/Sell_My_BlackBerry_Bold_9700"
95,"BlackBerry Bold 9780","http://cashmygadget.co.uk/Sell_My_BlackBerry_Bold_9780"
62,"iPod Classic 7th Gen","http://cashmygadget.co.uk/Sell_My_iPod_Classic_6th7th_Generation"
43,"iPad Wi-Fi","http://cashmygadget.co.uk/Sell_My_iPad_1_Wifi"
44,"iPad Wi-Fi + 3G","http://cashmygadget.co.uk/Sell_My_iPad_1_Wifi_3G"
45,"iPad 2 Wi-Fi","http://cashmygadget.co.uk/Sell_My_iPad_2_Wifi"
46,"iPad 2 Wi-Fi + 3G","http://cashmygadget.co.uk/Sell_My_iPad_2_Wifi_3G"
48,"iPad 3  Wi-Fi","http://cashmygadget.co.uk/Sell_My_iPad_3_Wifi"
49,"iPad 3 Wi-Fi + 4G","http://cashmygadget.co.uk/Sell_My_iPad_3_Wifi_4G"
87,"iPhone 3GS","http://cashmygadget.co.uk/Sell_My_iPhone_3GS"
88,"iPhone 4","http://cashmygadget.co.uk/Sell_My_iPhone_4"
89,"iPhone 4S","http://cashmygadget.co.uk/Sell_My_iPhone_4S"
52,"iPod Nano 3rd Gen","http://cashmygadget.co.uk/Sell_My_iPod_Nano_3rd_Gen_Any_Colour"
53,"iPod Nano 4th Gen","http://cashmygadget.co.uk/Sell_My_iPod_Nano_4th_Gen_Any_Colour"
54,"iPod Nano 5th Gen","http://cashmygadget.co.uk/Sell_My_iPod_Nano_5th_Gen_Any_Colour"
56,"iPod Nano 6th Gen","http://cashmygadget.co.uk/Sell_My_iPod_Nano_6th_Gen_Any_Colour"
35,"PSP GO ","http://cashmygadget.co.uk/Sell_My_PSP_Go"
90,"BlackBerry Torch 9800 ","http://cashmygadget.co.uk/Sell_My_BlackBerry_Torch_9800"
92,"BlackBerry Torch 9860 ","http://cashmygadget.co.uk/Sell_My_BlackBerry_Torch_98509860"
57,"iPod Touch 1st Gen","http://cashmygadget.co.uk/Sell_My_iPod_Touch_1st_Gen"
58,"iPod Touch 2nd Gen","http://cashmygadget.co.uk/Sell_My_iPod_Touch_2nd_Gen"
59,"iPod Touch 3rd Gen","http://cashmygadget.co.uk/Sell_My_iPod_Touch_3rd_Gen"
60,"iPod Touch 4th Gen","http://cashmygadget.co.uk/Sell_My_iPod_Touch_4th_Gen"
104,"Samsung Galaxy S ll l9100","http://cashmygadget.co.uk/Sell_My_Samsung_Galaxy_S_II"
103,"Samsung i9000 Galaxy S","http://cashmygadget.co.uk/Sell_My_Samsung_Galaxy_S"
102,"Samsung Galaxy Note ","http://cashmygadget.co.uk/Sell_My_Samsung_Galaxy_Note"
