"BlackBerry Bold 9000 ","http://www.gadgets4everyone.co.uk/index.php?page=shop.product_details&flypage=flypage.tpl&product_id=248&category_id=94&option=com_virtuemart&Itemid=54"
"BlackBerry Bold 9700 ","http://www.gadgets4everyone.co.uk/index.php?page=shop.product_details&flypage=flypage.tpl&product_id=250&category_id=94&option=com_virtuemart&Itemid=54"
"BlackBerry Bold 9780","http://www.gadgets4everyone.co.uk/index.php?page=shop.product_details&flypage=flypage.tpl&product_id=251&category_id=94&option=com_virtuemart&Itemid=54"
"iPod Classic 7th Gen 160GB ","http://www.gadgets4everyone.co.uk/index.php?page=shop.product_details&flypage=flypage.tpl&product_id=55&category_id=27&option=com_virtuemart&Itemid=54"
"iPod Classic 6th gen 80GB ","http://www.gadgets4everyone.co.uk/index.php?page=shop.product_details&flypage=flypage.tpl&product_id=53&category_id=27&option=com_virtuemart&Itemid=54"
"iPod Classic 6th gen 120GB ","http://www.gadgets4everyone.co.uk/index.php?page=shop.product_details&flypage=flypage.tpl&product_id=54&category_id=27&option=com_virtuemart&Itemid=54"
"iPod Classic 6th 160GB ","http://www.gadgets4everyone.co.uk/index.php?page=shop.product_details&flypage=flypage.tpl&product_id=55&category_id=27&option=com_virtuemart&Itemid=54"
"Nintendo 3DS ","http://www.gadgets4everyone.co.uk/index.php?page=shop.product_details&flypage=flypage.tpl&product_id=115&category_id=51&option=com_virtuemart&Itemid=54"
"Nintendo DS lite ","http://www.gadgets4everyone.co.uk/index.php?page=shop.product_details&flypage=flypage.tpl&product_id=90&category_id=45&option=com_virtuemart&Itemid=54"
"Nintendo Dsi ","http://www.gadgets4everyone.co.uk/index.php?page=shop.product_details&flypage=flypage.tpl&product_id=457&category_id=215&option=com_virtuemart&Itemid=54"
"Nintendo Dsi XL ","http://www.gadgets4everyone.co.uk/index.php?page=shop.product_details&flypage=flypage.tpl&product_id=114&category_id=52&option=com_virtuemart&Itemid=54"
"IPad WiFi  16GB","http://www.gadgets4everyone.co.uk/index.php?page=shop.product_details&flypage=flypage.tpl&product_id=67&category_id=75&option=com_virtuemart&Itemid=54"
"IPad WiFi  32GB","http://www.gadgets4everyone.co.uk/index.php?page=shop.product_details&flypage=flypage.tpl&product_id=68&category_id=75&option=com_virtuemart&Itemid=54"
"IPad WiFi  64GB","http://www.gadgets4everyone.co.uk/index.php?page=shop.product_details&flypage=flypage.tpl&product_id=69&category_id=75&option=com_virtuemart&Itemid=54"
"iPad 3G 16GB","http://www.gadgets4everyone.co.uk/index.php?page=shop.product_details&flypage=flypage.tpl&product_id=70&category_id=76&option=com_virtuemart&Itemid=54"
"iPad 3G 32GB","http://www.gadgets4everyone.co.uk/index.php?page=shop.product_details&flypage=flypage.tpl&product_id=71&category_id=76&option=com_virtuemart&Itemid=54"
"iPad 3G 64GB","http://www.gadgets4everyone.co.uk/index.php?page=shop.product_details&flypage=flypage.tpl&product_id=72&category_id=76&option=com_virtuemart&Itemid=54"
"iPad 2 Wifi  16GB","http://www.gadgets4everyone.co.uk/index.php?page=shop.product_details&flypage=flypage.tpl&product_id=100&category_id=78&option=com_virtuemart&Itemid=54"
"iPad 2 Wifi  32GB","http://www.gadgets4everyone.co.uk/index.php?page=shop.product_details&flypage=flypage.tpl&product_id=101&category_id=78&option=com_virtuemart&Itemid=54"
"iPad 2 Wifi  64GB","http://www.gadgets4everyone.co.uk/index.php?page=shop.product_details&flypage=flypage.tpl&product_id=102&category_id=78&option=com_virtuemart&Itemid=54"
"iPad 2 3G 16GB","http://www.gadgets4everyone.co.uk/index.php?page=shop.product_details&flypage=flypage.tpl&product_id=103&category_id=77&option=com_virtuemart&Itemid=54"
"iPad 2 3G 32GB","http://www.gadgets4everyone.co.uk/index.php?page=shop.product_details&flypage=flypage.tpl&product_id=104&category_id=77&option=com_virtuemart&Itemid=54"
"iPad 2 3G 64GB","http://www.gadgets4everyone.co.uk/index.php?page=shop.product_details&flypage=flypage.tpl&product_id=105&category_id=77&option=com_virtuemart&Itemid=54"
"iPad 3 16gb WiFi","http://www.gadgets4everyone.co.uk/index.php?page=shop.product_details&flypage=flypage.tpl&product_id=739&category_id=259&option=com_virtuemart&Itemid=54"
"iPad 3 32gb WiFi","http://www.gadgets4everyone.co.uk/index.php?page=shop.product_details&flypage=flypage.tpl&product_id=740&category_id=259&option=com_virtuemart&Itemid=54"
"iPad 3 64gb WiFi","http://www.gadgets4everyone.co.uk/index.php?page=shop.product_details&flypage=flypage.tpl&product_id=741&category_id=259&option=com_virtuemart&Itemid=54"
"iPad 3 16gb WiFi + 4G","http://www.gadgets4everyone.co.uk/index.php?page=shop.product_details&flypage=flypage.tpl&product_id=742&category_id=260&option=com_virtuemart&Itemid=54"
"iPad 3 32gb WiFi + 4G","http://www.gadgets4everyone.co.uk/index.php?page=shop.product_details&flypage=flypage.tpl&product_id=743&category_id=260&option=com_virtuemart&Itemid=54"
"iPad 3 64gb WiFi + 4G","http://www.gadgets4everyone.co.uk/index.php?page=shop.product_details&flypage=flypage.tpl&product_id=744&category_id=260&option=com_virtuemart&Itemid=54"
"Iphone 3GS 8GB","http://www.gadgets4everyone.co.uk/index.php?page=shop.product_details&flypage=flypage.tpl&product_id=35&category_id=16&option=com_virtuemart&Itemid=54"
"Iphone 3GS 16GB","http://www.gadgets4everyone.co.uk/index.php?page=shop.product_details&flypage=flypage.tpl&product_id=34&category_id=16&option=com_virtuemart&Itemid=54"
"Iphone 3GS 32GB","http://www.gadgets4everyone.co.uk/index.php?page=shop.product_details&flypage=flypage.tpl&product_id=76&category_id=16&option=com_virtuemart&Itemid=54"
"Iphone 4 8GB","http://www.gadgets4everyone.co.uk/index.php?page=shop.product_details&flypage=flypage.tpl&product_id=155&category_id=38&option=com_virtuemart&Itemid=54"
"Iphone 4 16GB","http://www.gadgets4everyone.co.uk/index.php?page=shop.product_details&flypage=flypage.tpl&product_id=77&category_id=38&option=com_virtuemart&Itemid=54"
"Iphone 4 32GB","http://www.gadgets4everyone.co.uk/index.php?page=shop.product_details&flypage=flypage.tpl&product_id=78&category_id=38&option=com_virtuemart&Itemid=54"
"Iphone 4S 16GB","http://www.gadgets4everyone.co.uk/index.php?page=shop.product_details&flypage=flypage.tpl&product_id=164&category_id=83&option=com_virtuemart&Itemid=54"
"Iphone 4S 32GB","http://www.gadgets4everyone.co.uk/index.php?page=shop.product_details&flypage=flypage.tpl&product_id=165&category_id=83&option=com_virtuemart&Itemid=54"
"Iphone 4S 64GB","http://www.gadgets4everyone.co.uk/index.php?page=shop.product_details&flypage=flypage.tpl&product_id=166&category_id=83&option=com_virtuemart&Itemid=54"
"Ipod Nano 3rd Gen 4GB","http://www.gadgets4everyone.co.uk/index.php?page=shop.product_details&flypage=flypage.tpl&product_id=9&category_id=8&option=com_virtuemart&Itemid=54"
"Ipod Nano 3rd Gen 8GB","http://www.gadgets4everyone.co.uk/index.php?page=shop.product_details&flypage=flypage.tpl&product_id=10&category_id=8&option=com_virtuemart&Itemid=54"
"Ipod Nano 4th Gen 8GB","http://www.gadgets4everyone.co.uk/index.php?page=shop.product_details&flypage=flypage.tpl&product_id=11&category_id=9&option=com_virtuemart&Itemid=54"
"Ipod Nano 4th Gen 16GB","http://www.gadgets4everyone.co.uk/index.php?page=shop.product_details&flypage=flypage.tpl&product_id=12&category_id=9&option=com_virtuemart&Itemid=54"
"Ipod Nano 5th Gen 8GB","http://www.gadgets4everyone.co.uk/index.php?page=shop.product_details&flypage=flypage.tpl&product_id=13&category_id=10&option=com_virtuemart&Itemid=54"
"Ipod Nano 5th Gen 16GB","http://www.gadgets4everyone.co.uk/index.php?page=shop.product_details&flypage=flypage.tpl&product_id=14&category_id=10&option=com_virtuemart&Itemid=54"
"Ipod Nano 6th gen 8GB","http://www.gadgets4everyone.co.uk/index.php?page=shop.product_details&flypage=flypage.tpl&product_id=74&category_id=36&option=com_virtuemart&Itemid=54"
"Ipod Nano 6th gen 16GB","http://www.gadgets4everyone.co.uk/index.php?page=shop.product_details&flypage=flypage.tpl&product_id=75&category_id=36&option=com_virtuemart&Itemid=54"
"PSP 1000 Phat","http://www.gadgets4everyone.co.uk/index.php?page=shop.product_details&flypage=flypage.tpl&product_id=56&category_id=30&option=com_virtuemart&Itemid=54"
"PSP Slim & Lite","http://www.gadgets4everyone.co.uk/index.php?page=shop.product_details&flypage=flypage.tpl&product_id=58&category_id=32&option=com_virtuemart&Itemid=54"
"PSP GO ","http://www.gadgets4everyone.co.uk/index.php?page=shop.product_details&flypage=flypage.tpl&product_id=59&category_id=33&option=com_virtuemart&Itemid=54"
"BlackBerry Torch 9800 ","http://www.gadgets4everyone.co.uk/index.php?page=shop.product_details&flypage=flypage.tpl&product_id=274&category_id=93&option=com_virtuemart&Itemid=54"
"BlackBerry Torch 9860 ","http://www.gadgets4everyone.co.uk/index.php?page=shop.product_details&flypage=flypage.tpl&product_id=278&category_id=93&option=com_virtuemart&Itemid=54"
"Ipod Touch 1st gen 8GB","http://www.gadgets4everyone.co.uk/index.php?page=shop.product_details&flypage=flypage.tpl&product_id=15&category_id=11&option=com_virtuemart&Itemid=54"
"Ipod Touch 1st gen 16GB","http://www.gadgets4everyone.co.uk/index.php?page=shop.product_details&flypage=flypage.tpl&product_id=16&category_id=11&option=com_virtuemart&Itemid=54"
"Ipod Touch 1st gen 32GB","http://www.gadgets4everyone.co.uk/index.php?page=shop.product_details&flypage=flypage.tpl&product_id=17&category_id=11&option=com_virtuemart&Itemid=54"
"Ipod Touch 2nd gen 16GB","http://www.gadgets4everyone.co.uk/index.php?page=shop.product_details&flypage=flypage.tpl&product_id=19&category_id=12&option=com_virtuemart&Itemid=54"
"Ipod Touch 2nd gen 32GB","http://www.gadgets4everyone.co.uk/index.php?page=shop.product_details&flypage=flypage.tpl&product_id=20&category_id=12&option=com_virtuemart&Itemid=54"
"Ipod Touch 2nd gen 8GB","http://www.gadgets4everyone.co.uk/index.php?page=shop.product_details&flypage=flypage.tpl&product_id=18&category_id=12&option=com_virtuemart&Itemid=54"
"Ipod Touch 3rd gen 8GB","http://www.gadgets4everyone.co.uk/index.php?page=shop.product_details&flypage=flypage.tpl&product_id=79&category_id=13&option=com_virtuemart&Itemid=54"
"Ipod Touch 3rd gen 32GB","http://www.gadgets4everyone.co.uk/index.php?page=shop.product_details&flypage=flypage.tpl&product_id=21&category_id=13&option=com_virtuemart&Itemid=54"
"Ipod Touch 3rd gen 64GB","http://www.gadgets4everyone.co.uk/index.php?page=shop.product_details&flypage=flypage.tpl&product_id=22&category_id=13&option=com_virtuemart&Itemid=54"
"Ipod Touch 4th gen 64GB","http://www.gadgets4everyone.co.uk/index.php?page=shop.product_details&flypage=flypage.tpl&product_id=154&category_id=46&option=com_virtuemart&Itemid=54"
"Ipod Touch 4th gen 32GB","http://www.gadgets4everyone.co.uk/index.php?page=shop.product_details&flypage=flypage.tpl&product_id=92&category_id=46&option=com_virtuemart&Itemid=54"
"Ipod Touch 4th gen 8GB","http://www.gadgets4everyone.co.uk/index.php?page=shop.product_details&flypage=flypage.tpl&product_id=91&category_id=46&option=com_virtuemart&Itemid=54"
"Samsung Galaxy S ll l9100","http://www.gadgets4everyone.co.uk/index.php?page=shop.product_details&flypage=flypage.tpl&product_id=489&category_id=252&option=com_virtuemart&Itemid=54"
"Samsung i9000 Galaxy S","http://www.gadgets4everyone.co.uk/index.php?page=shop.product_details&flypage=flypage.tpl&product_id=509&category_id=252&option=com_virtuemart&Itemid=54"
"Samsung Galaxy Note ","http://www.gadgets4everyone.co.uk/index.php?page=shop.product_details&flypage=flypage.tpl&product_id=491&category_id=252&option=com_virtuemart&Itemid=54"
