product_name,abo_duration,abo_name,price,url
Samsung Galaxy S III I9300,12 months,Price without contract,799,http://shop.orange.ch/en/android/galaxy-s-iii-blue/invt/10060969
Samsung Galaxy S III I9300,12 months,G RC > 106 CHF,409,http://shop.orange.ch/en/android/galaxy-s-iii-blue/invt/10060969
Samsung Galaxy S III I9300,12 months,F RC 71 to 105 CHF,429,http://shop.orange.ch/en/android/galaxy-s-iii-blue/invt/10060969
Samsung Galaxy S III I9300,12 months,E RC 56 to 70 CHF,449,http://shop.orange.ch/en/android/galaxy-s-iii-blue/invt/10060969
Samsung Galaxy S III I9300,12 months,D RC 36 to 55 CHF,469,http://shop.orange.ch/en/android/galaxy-s-iii-blue/invt/10060969
Samsung Galaxy S III I9300,12 months,C RC 21 to 35 CHF,489,http://shop.orange.ch/en/android/galaxy-s-iii-blue/invt/10060969
Samsung Galaxy S III I9300,12 months,B RC 16 to 20 CHF,539,http://shop.orange.ch/en/android/galaxy-s-iii-blue/invt/10060969
Samsung Galaxy S III I9300,12 months,A RC < 15 CHF,589,http://shop.orange.ch/en/android/galaxy-s-iii-blue/invt/10060969
Samsung Galaxy S III I9300,24 months,G RC > 106 CHF,1,http://shop.orange.ch/en/android/galaxy-s-iii-blue/invt/10060969
Samsung Galaxy S III I9300,24 months,F RC 71 to 105 CHF,1,http://shop.orange.ch/en/android/galaxy-s-iii-blue/invt/10060969
Samsung Galaxy S III I9300,24 months,E RC 56 to 70 CHF,49,http://shop.orange.ch/en/android/galaxy-s-iii-blue/invt/10060969
Samsung Galaxy S III I9300,24 months,D RC 36 to 55 CHF,149,http://shop.orange.ch/en/android/galaxy-s-iii-blue/invt/10060969
Samsung Galaxy S III I9300,24 months,C RC 21 to 35 CHF,199,http://shop.orange.ch/en/android/galaxy-s-iii-blue/invt/10060969
Samsung Galaxy S III I9300,24 months,B RC 16 to 20 CHF,499,http://shop.orange.ch/en/android/galaxy-s-iii-blue/invt/10060969
Samsung Galaxy S III I9300,24 months,A RC < 15 CHF,549,http://shop.orange.ch/en/android/galaxy-s-iii-blue/invt/10060969
